Workbook

Sheet Summary
A1: case_id | B1: 0.25.0 | C1: 0.25.1 | D1: 0.25.2 | E1: 0.25.3 | F1: 0.45.0 | G1: 0.45.1 | H1: 0.45.2 | I1: 0.45.3 | J1: 0.46.0 | K1: 0.46.1 | L1: 0.46.2 | M1: 0.46.3 | N1: 1.0.0 | O1: 1.0.1 | P1: 1.0.2 | Q1: 1.1.0 | R1: 1.1.1 | S1: 1.1.2 | T1: 1.2.0 | U1: 1.2.1 | V1: 1.2.2 | W1: 1.2.4 | X1: 2.0.0 | Y1: 2.2.0 | Z1: 2.3.0 | AA1: 2.4.0 | AB1: 2.5.0 | AC1: error_type_0.25.0 | AD1: error_message_0.25.0 | AE1: error_description_0.25.0 | AF1: error_type_0.25.1 | AG1: error_message_0.25.1 | AH1: error_description_0.25.1 | AI1: error_type_0.25.2 | AJ1: error_message_0.25.2 | AK1: error_description_0.25.2 | AL1: error_type_0.25.3 | AM1: error_message_0.25.3 | AN1: error_description_0.25.3 | AO1: error_type_0.45.0 | AP1: error_message_0.45.0 | AQ1: error_description_0.45.0 | AR1: error_type_0.45.1 | AS1: error_message_0.45.1 | AT1: error_description_0.45.1 | AU1: error_type_0.45.2 | AV1: error_message_0.45.2 | AW1: error_description_0.45.2 | AX1: error_type_0.45.3 | AY1: error_message_0.45.3 | AZ1: error_description_0.45.3 | BA1: error_type_0.46.0 | BB1: error_message_0.46.0 | BC1: error_description_0.46.0 | BD1: error_type_0.46.1 | BE1: error_message_0.46.1 | BF1: error_description_0.46.1 | BG1: error_type_0.46.2 | BH1: error_message_0.46.2 | BI1: error_description_0.46.2 | BJ1: error_type_0.46.3 | BK1: error_message_0.46.3 | BL1: error_description_0.46.3 | BM1: error_type_1.0.0 | BN1: error_message_1.0.0 | BO1: error_description_1.0.0 | BP1: error_type_1.0.1 | BQ1: error_message_1.0.1 | BR1: error_description_1.0.1 | BS1: error_type_1.0.2 | BT1: error_message_1.0.2 | BU1: error_description_1.0.2 | BV1: error_type_1.1.0 | BW1: error_message_1.1.0 | BX1: error_description_1.1.0 | BY1: error_type_1.1.1 | BZ1: error_message_1.1.1 | CA1: error_description_1.1.1 | CB1: error_type_1.1.2 | CC1: error_message_1.1.2 | CD1: error_description_1.1.2 | CE1: error_type_1.2.0 | CF1: error_message_1.2.0 | CG1: error_description_1.2.0 | CH1: error_type_1.2.1 | CI1: error_message_1.2.1 | CJ1: error_description_1.2.1 | CK1: error_type_1.2.2 | CL1: error_message_1.2.2 | CM1: error_description_1.2.2 | CN1: error_type_1.2.4 | CO1: error_message_1.2.4 | CP1: error_description_1.2.4 | CQ1: error_type_2.0.0 | CR1: error_message_2.0.0 | CS1: error_description_2.0.0 | CT1: error_type_2.2.0 | CU1: error_message_2.2.0 | CV1: error_description_2.2.0 | CW1: error_type_2.3.0 | CX1: error_message_2.3.0 | CY1: error_description_2.3.0 | CZ1: error_type_2.4.0 | DA1: error_message_2.4.0 | DB1: error_description_2.4.0 | DC1: error_type_2.5.0 | DD1: error_message_2.5.0 | DE1: error_description_2.5.0
A2: issue_009 | B2: NOT_TESTED | C2: NOT_TESTED | D2: NOT_TESTED | E2: NOT_TESTED | F2: Passed on test | G2: Passed on test | H2: Passed on test | I2: Passed on test | J2: Passed on test | K2: Passed on test | L2: Passed on test | M2: Passed on test | N2: NOT_TESTED | O2: NOT_TESTED | P2: NOT_TESTED | Q2: NOT_TESTED | R2: NOT_TESTED | S2: NOT_TESTED | T2: NOT_TESTED | U2: NOT_TESTED | V2: NOT_TESTED | W2: NOT_TESTED | X2: NOT_TESTED | Y2: NOT_TESTED | Z2: NOT_TESTED | AA2: NOT_TESTED | AB2: NOT_TESTED
A3: issue_018_se | B3: NOT_TESTED | C3: NOT_TESTED | D3: NOT_TESTED | E3: NOT_TESTED | F3: NOT_TESTED | G3: NOT_TESTED | H3: NOT_TESTED | I3: NOT_TESTED | J3: NOT_TESTED | K3: NOT_TESTED | L3: NOT_TESTED | M3: NOT_TESTED | N3: Failed on test | O3: Failed on test | P3: Failed on test | Q3: Failed on test | R3: Failed on test | S3: Failed on test | T3: Failed on test | U3: Failed on test | V3: Failed on test | W3: Failed on test | X3: Failed on test | Y3: Failed on test | Z3: Failed on test | AA3: Failed on test | AB3: Failed on test | BM3: AssertionError | BN3: RuntimeError: SIMULATOR_PROCESS_ERROR: exit=3221226356 (0xC0000374); AssertionError: | BO3: The LLM reversed each outcome string before reading the four bits, assuming the bug is Qiskit's little-endian bit order (the same idea as claude-sonnet-5-5). The real bug is which qubits the players measure, so the loss probabilities stay at 0.5 on six of the nine (x, y) inputs and test_exact_perfect_strategy_for_all_nine_inputs fails. The simulator check also hits the known Windows Aer native crash. Every model fails this case. | BP3: AssertionError | BQ3: RuntimeError: SIMULATOR_PROCESS_ERROR: exit=3221226356 (0xC0000374); AssertionError: | BR3: The LLM reversed each outcome string before reading the four bits, assuming the bug is Qiskit's little-endian bit order (the same idea as claude-sonnet-5-5). The real bug is which qubits the players measure, so the loss probabilities stay at 0.5 on six of the nine (x, y) inputs and test_exact_perfect_strategy_for_all_nine_inputs fails. The simulator check also hits the known Windows Aer native crash. Every model fails this case. | BS3: AssertionError | BT3: RuntimeError: SIMULATOR_PROCESS_ERROR: exit=3221226356 (0xC0000374); AssertionError: | BU3: The LLM reversed each outcome string before reading the four bits, assuming the bug is Qiskit's little-endian bit order (the same idea as claude-sonnet-5-5). The real bug is which qubits the players measure, so the loss probabilities stay at 0.5 on six of the nine (x, y) inputs and test_exact_perfect_strategy_for_all_nine_inputs fails. The simulator check also hits the known Windows Aer native crash. Every model fails this case. | BV3: AssertionError | BW3: RuntimeError: SIMULATOR_PROCESS_ERROR: exit=3221226356 (0xC0000374); AssertionError: | BX3: The LLM reversed each outcome string before reading the four bits, assuming the bug is Qiskit's little-endian bit order (the same idea as claude-sonnet-5-5). The real bug is which qubits the players measure, so the loss probabilities stay at 0.5 on six of the nine (x, y) inputs and test_exact_perfect_strategy_for_all_nine_inputs fails. The simulator check also hits the known Windows Aer native crash. Every model fails this case. | BY3: AssertionError | BZ3: RuntimeError: SIMULATOR_PROCESS_ERROR: exit=3221226356 (0xC0000374); AssertionError: | CA3: The LLM reversed each outcome string before reading the four bits, assuming the bug is Qiskit's little-endian bit order (the same idea as claude-sonnet-5-5). The real bug is which qubits the players measure, so the loss probabilities stay at 0.5 on six of the nine (x, y) inputs and test_exact_perfect_strategy_for_all_nine_inputs fails. The simulator check also hits the known Windows Aer native crash. Every model fails this case. | CB3: AssertionError | CC3: RuntimeError: SIMULATOR_PROCESS_ERROR: exit=3221226356 (0xC0000374); AssertionError: | CD3: The LLM reversed each outcome string before reading the four bits, assuming the bug is Qiskit's little-endian bit order (the same idea as claude-sonnet-5-5). The real bug is which qubits the players measure, so the loss probabilities stay at 0.5 on six of the nine (x, y) inputs and test_exact_perfect_strategy_for_all_nine_inputs fails. The simulator check also hits the known Windows Aer native crash. Every model fails this case. | CE3: AssertionError | CF3: RuntimeError: SIMULATOR_PROCESS_ERROR: exit=3221225477 (0xC0000005); AssertionError: | CG3: The LLM reversed each outcome string before reading the four bits, assuming the bug is Qiskit's little-endian bit order (the same idea as claude-sonnet-5-5). The real bug is which qubits the players measure, so the loss probabilities stay at 0.5 on six of the nine (x, y) inputs and test_exact_perfect_strategy_for_all_nine_inputs fails. The simulator check also hits the known Windows Aer native crash. Every model fails this case. | CH3: AssertionError | CI3: RuntimeError: SIMULATOR_PROCESS_ERROR: exit=3221226356 (0xC0000374); AssertionError: | CJ3: The LLM reversed each outcome string before reading the four bits, assuming the bug is Qiskit's little-endian bit order (the same idea as claude-sonnet-5-5). The real bug is which qubits the players measure, so the loss probabilities stay at 0.5 on six of the nine (x, y) inputs and test_exact_perfect_strategy_for_all_nine_inputs fails. The simulator check also hits the known Windows Aer native crash. Every model fails this case. | CK3: AssertionError | CL3: RuntimeError: SIMULATOR_PROCESS_ERROR: exit=3221226356 (0xC0000374); AssertionError: | CM3: The LLM reversed each outcome string before reading the four bits, assuming the bug is Qiskit's little-endian bit order (the same idea as claude-sonnet-5-5). The real bug is which qubits the players measure, so the loss probabilities stay at 0.5 on six of the nine (x, y) inputs and test_exact_perfect_strategy_for_all_nine_inputs fails. The simulator check also hits the known Windows Aer native crash. Every model fails this case. | CN3: AssertionError | CO3: RuntimeError: SIMULATOR_PROCESS_ERROR: exit=3221226356 (0xC0000374); AssertionError: | CP3: The LLM reversed each outcome string before reading the four bits, assuming the bug is Qiskit's little-endian bit order (the same idea as claude-sonnet-5-5). The real bug is which qubits the players measure, so the loss probabilities stay at 0.5 on six of the nine (x, y) inputs and test_exact_perfect_strategy_for_all_nine_inputs fails. The simulator check also hits the known Windows Aer native crash. Every model fails this case. | CQ3: AssertionError | CR3: RuntimeError: SIMULATOR_PROCESS_ERROR: exit=3221226356 (0xC0000374); AssertionError: | CS3: The LLM reversed each outcome string before reading the four bits, assuming the bug is Qiskit's little-endian bit order (the same idea as claude-sonnet-5-5). The real bug is which qubits the players measure, so the loss probabilities stay at 0.5 on six of the nine (x, y) inputs and test_exact_perfect_strategy_for_all_nine_inputs fails. The simulator check also hits the known Windows Aer native crash. Every model fails this case. | CT3: AssertionError | CU3: RuntimeError: SIMULATOR_PROCESS_ERROR: exit=3221226356 (0xC0000374); AssertionError: | CV3: The LLM reversed each outcome string before reading the four bits, assuming the bug is Qiskit's little-endian bit order (the same idea as claude-sonnet-5-5). The real bug is which qubits the players measure, so the loss probabilities stay at 0.5 on six of the nine (x, y) inputs and test_exact_perfect_strategy_for_all_nine_inputs fails. The simulator check also hits the known Windows Aer native crash. Every model fails this case. | CW3: AssertionError | CX3: RuntimeError: SIMULATOR_PROCESS_ERROR: exit=3221226356 (0xC0000374); AssertionError: | CY3: The LLM reversed each outcome string before reading the four bits, assuming the bug is Qiskit's little-endian bit order (the same idea as claude-sonnet-5-5). The real bug is which qubits the players measure, so the loss probabilities stay at 0.5 on six of the nine (x, y) inputs and test_exact_perfect_strategy_for_all_nine_inputs fails. The simulator check also hits the known Windows Aer native crash. Every model fails this case. | CZ3: AssertionError | DA3: RuntimeError: SIMULATOR_PROCESS_ERROR: exit=3221226356 (0xC0000374); AssertionError: | DB3: The LLM reversed each outcome string before reading the four bits, assuming the bug is Qiskit's little-endian bit order (the same idea as claude-sonnet-5-5). The real bug is which qubits the players measure, so the loss probabilities stay at 0.5 on six of the nine (x, y) inputs and test_exact_perfect_strategy_for_all_nine_inputs fails. The simulator check also hits the known Windows Aer native crash. Every model fails this case. | DC3: AssertionError | DD3: RuntimeError: SIMULATOR_PROCESS_ERROR: exit=3221226356 (0xC0000374); AssertionError: | DE3: The LLM reversed each outcome string before reading the four bits, assuming the bug is Qiskit's little-endian bit order (the same idea as claude-sonnet-5-5). The real bug is which qubits the players measure, so the loss probabilities stay at 0.5 on six of the nine (x, y) inputs and test_exact_perfect_strategy_for_all_nine_inputs fails. The simulator check also hits the known Windows Aer native crash. Every model fails this case.
A4: issue_021_se | B4: Passed on test | C4: Passed on test | D4: Passed on test | E4: Passed on test | F4: Passed on test | G4: Passed on test | H4: Passed on test | I4: Passed on test | J4: Passed on test | K4: Passed on test | L4: Passed on test | M4: Passed on test | N4: NOT_TESTED | O4: NOT_TESTED | P4: NOT_TESTED | Q4: NOT_TESTED | R4: NOT_TESTED | S4: NOT_TESTED | T4: NOT_TESTED | U4: NOT_TESTED | V4: NOT_TESTED | W4: NOT_TESTED | X4: NOT_TESTED | Y4: NOT_TESTED | Z4: NOT_TESTED | AA4: NOT_TESTED | AB4: NOT_TESTED
A5: issue_032_se | B5: Passed on test | C5: Passed on test | D5: Passed on test | E5: Passed on test | F5: NOT_TESTED | G5: NOT_TESTED | H5: NOT_TESTED | I5: NOT_TESTED | J5: NOT_TESTED | K5: NOT_TESTED | L5: NOT_TESTED | M5: NOT_TESTED | N5: NOT_TESTED | O5: NOT_TESTED | P5: NOT_TESTED | Q5: NOT_TESTED | R5: NOT_TESTED | S5: NOT_TESTED | T5: NOT_TESTED | U5: NOT_TESTED | V5: NOT_TESTED | W5: NOT_TESTED | X5: NOT_TESTED | Y5: NOT_TESTED | Z5: NOT_TESTED | AA5: NOT_TESTED | AB5: NOT_TESTED
A6: issue_034 | B6: NOT_TESTED | C6: NOT_TESTED | D6: NOT_TESTED | E6: NOT_TESTED | F6: NOT_TESTED | G6: NOT_TESTED | H6: NOT_TESTED | I6: NOT_TESTED | J6: NOT_TESTED | K6: NOT_TESTED | L6: NOT_TESTED | M6: NOT_TESTED | N6: Passed on test | O6: Passed on test | P6: Passed on test | Q6: Passed on test | R6: Passed on test | S6: Passed on test | T6: Passed on test | U6: Passed on test | V6: Passed on test | W6: Passed on test | X6: Passed on test | Y6: Passed on test | Z6: Passed on test | AA6: Passed on test | AB6: Passed on test
A7: issue_036 | B7: NOT_TESTED | C7: NOT_TESTED | D7: NOT_TESTED | E7: NOT_TESTED | F7: NOT_TESTED | G7: NOT_TESTED | H7: NOT_TESTED | I7: NOT_TESTED | J7: NOT_TESTED | K7: NOT_TESTED | L7: NOT_TESTED | M7: NOT_TESTED | N7: Passed on test | O7: Passed on test | P7: Passed on test | Q7: Passed on test | R7: Passed on test | S7: Passed on test | T7: Passed on test | U7: Passed on test | V7: Passed on test | W7: Passed on test | X7: Passed on test | Y7: Passed on test | Z7: Passed on test | AA7: Passed on test | AB7: Passed on test
A8: issue_058_se | B8: Passed on test | C8: Passed on test | D8: Passed on test | E8: Passed on test | F8: Passed on test | G8: Passed on test | H8: Passed on test | I8: Passed on test | J8: Passed on test | K8: Passed on test | L8: Passed on test | M8: Passed on test | N8: NOT_TESTED | O8: NOT_TESTED | P8: NOT_TESTED | Q8: NOT_TESTED | R8: NOT_TESTED | S8: NOT_TESTED | T8: NOT_TESTED | U8: NOT_TESTED | V8: NOT_TESTED | W8: NOT_TESTED | X8: NOT_TESTED | Y8: NOT_TESTED | Z8: NOT_TESTED | AA8: NOT_TESTED | AB8: NOT_TESTED
A9: issue_061 | B9: NOT_TESTED | C9: NOT_TESTED | D9: NOT_TESTED | E9: NOT_TESTED | F9: NOT_TESTED | G9: NOT_TESTED | H9: NOT_TESTED | I9: NOT_TESTED | J9: NOT_TESTED | K9: NOT_TESTED | L9: NOT_TESTED | M9: NOT_TESTED | N9: Passed on test | O9: Passed on test | P9: Passed on test | Q9: Passed on test | R9: Passed on test | S9: Passed on test | T9: Passed on test | U9: Passed on test | V9: Passed on test | W9: Passed on test | X9: Passed on test | Y9: Passed on test | Z9: Passed on test | AA9: Passed on test | AB9: Passed on test
A10: issue_072 | B10: Passed on test | C10: Passed on test | D10: Passed on test | E10: Passed on test | F10: NOT_TESTED | G10: NOT_TESTED | H10: NOT_TESTED | I10: NOT_TESTED | J10: NOT_TESTED | K10: NOT_TESTED | L10: NOT_TESTED | M10: NOT_TESTED | N10: NOT_TESTED | O10: NOT_TESTED | P10: NOT_TESTED | Q10: NOT_TESTED | R10: NOT_TESTED | S10: NOT_TESTED | T10: NOT_TESTED | U10: NOT_TESTED | V10: NOT_TESTED | W10: NOT_TESTED | X10: NOT_TESTED | Y10: NOT_TESTED | Z10: NOT_TESTED | AA10: NOT_TESTED | AB10: NOT_TESTED
A11: issue_096 | B11: Failed on test | C11: Failed on test | D11: Failed on test | E11: Failed on test | F11: Failed on test | G11: Failed on test | H11: Failed on test | I11: Failed on test | J11: Failed on test | K11: Failed on test | L11: Failed on test | M11: Failed on test | N11: Failed on test | O11: Failed on test | P11: Failed on test | Q11: Failed on test | R11: Failed on test | S11: Failed on test | T11: Failed on test | U11: Failed on test | V11: Failed on test | W11: Failed on test | X11: Failed on test | Y11: Failed on test | Z11: Failed on test | AA11: Failed on test | AB11: Failed on test | AC11: AssertionError | AD11: AssertionError: '' != '[default]\n'; AssertionError: False is not true : Missing ipython_kernel_config.py (even when the profile directory already exists) | AE11: The LLM creates ~/.qiskit and an empty settings.conf when they are missing, which stops the crash, but the test expects the file to contain a [default] section and the IPython profile's ipython_kernel_config.py to be created, which the fix does not do. Every model fails this case. | AF11: AssertionError | AG11: AssertionError: '' != '[default]\n'; AssertionError: False is not true : Missing ipython_kernel_config.py (even when the profile directory already exists) | AH11: The LLM creates ~/.qiskit and an empty settings.conf when they are missing, which stops the crash, but the test expects the file to contain a [default] section and the IPython profile's ipython_kernel_config.py to be created, which the fix does not do. Every model fails this case. | AI11: AssertionError | AJ11: AssertionError: '' != '[default]\n'; AssertionError: False is not true : Missing ipython_kernel_config.py (even when the profile directory already exists) | AK11: The LLM creates ~/.qiskit and an empty settings.conf when they are missing, which stops the crash, but the test expects the file to contain a [default] section and the IPython profile's ipython_kernel_config.py to be created, which the fix does not do. Every model fails this case. | AL11: AssertionError | AM11: AssertionError: '' != '[default]\n'; AssertionError: False is not true : Missing ipython_kernel_config.py (even when the profile directory already exists) | AN11: The LLM creates ~/.qiskit and an empty settings.conf when they are missing, which stops the crash, but the test expects the file to contain a [default] section and the IPython profile's ipython_kernel_config.py to be created, which the fix does not do. Every model fails this case. | AO11: AssertionError | AP11: AssertionError: '' != '[default]\n'; AssertionError: False is not true : Missing ipython_kernel_config.py (even when the profile directory already exists) | AQ11: The LLM creates ~/.qiskit and an empty settings.conf when they are missing, which stops the crash, but the test expects the file to contain a [default] section and the IPython profile's ipython_kernel_config.py to be created, which the fix does not do. Every model fails this case. | AR11: AssertionError | AS11: AssertionError: '' != '[default]\n'; AssertionError: False is not true : Missing ipython_kernel_config.py (even when the profile directory already exists) | AT11: The LLM creates ~/.qiskit and an empty settings.conf when they are missing, which stops the crash, but the test expects the file to contain a [default] section and the IPython profile's ipython_kernel_config.py to be created, which the fix does not do. Every model fails this case. | AU11: AssertionError | AV11: AssertionError: '' != '[default]\n'; AssertionError: False is not true : Missing ipython_kernel_config.py (even when the profile directory already exists) | AW11: The LLM creates ~/.qiskit and an empty settings.conf when they are missing, which stops the crash, but the test expects the file to contain a [default] section and the IPython profile's ipython_kernel_config.py to be created, which the fix does not do. Every model fails this case. | AX11: AssertionError | AY11: AssertionError: '' != '[default]\n'; AssertionError: False is not true : Missing ipython_kernel_config.py (even when the profile directory already exists) | AZ11: The LLM creates ~/.qiskit and an empty settings.conf when they are missing, which stops the crash, but the test expects the file to contain a [default] section and the IPython profile's ipython_kernel_config.py to be created, which the fix does not do. Every model fails this case. | BA11: AssertionError | BB11: AssertionError: '' != '[default]\n'; AssertionError: False is not true : Missing ipython_kernel_config.py (even when the profile directory already exists) | BC11: The LLM creates ~/.qiskit and an empty settings.conf when they are missing, which stops the crash, but the test expects the file to contain a [default] section and the IPython profile's ipython_kernel_config.py to be created, which the fix does not do. Every model fails this case. | BD11: AssertionError | BE11: AssertionError: '' != '[default]\n'; AssertionError: False is not true : Missing ipython_kernel_config.py (even when the profile directory already exists) | BF11: The LLM creates ~/.qiskit and an empty settings.conf when they are missing, which stops the crash, but the test expects the file to contain a [default] section and the IPython profile's ipython_kernel_config.py to be created, which the fix does not do. Every model fails this case. | BG11: AssertionError | BH11: AssertionError: '' != '[default]\n'; AssertionError: False is not true : Missing ipython_kernel_config.py (even when the profile directory already exists) | BI11: The LLM creates ~/.qiskit and an empty settings.conf when they are missing, which stops the crash, but the test expects the file to contain a [default] section and the IPython profile's ipython_kernel_config.py to be created, which the fix does not do. Every model fails this case. | BJ11: AssertionError | BK11: AssertionError: '' != '[default]\n'; AssertionError: False is not true : Missing ipython_kernel_config.py (even when the profile directory already exists) | BL11: The LLM creates ~/.qiskit and an empty settings.conf when they are missing, which stops the crash, but the test expects the file to contain a [default] section and the IPython profile's ipython_kernel_config.py to be created, which the fix does not do. Every model fails this case. | BM11: AssertionError | BN11: AssertionError: '' != '[default]\n'; AssertionError: False is not true : Missing ipython_kernel_config.py (even when the profile directory already exists) | BO11: The LLM creates ~/.qiskit and an empty settings.conf when they are missing, which stops the crash, but the test expects the file to contain a [default] section and the IPython profile's ipython_kernel_config.py to be created, which the fix does not do. Every model fails this case. | BP11: AssertionError | BQ11: AssertionError: '' != '[default]\n'; AssertionError: False is not true : Missing ipython_kernel_config.py (even when the profile directory already exists) | BR11: The LLM creates ~/.qiskit and an empty settings.conf when they are missing, which stops the crash, but the test expects the file to contain a [default] section and the IPython profile's ipython_kernel_config.py to be created, which the fix does not do. Every model fails this case. | BS11: AssertionError | BT11: AssertionError: '' != '[default]\n'; AssertionError: False is not true : Missing ipython_kernel_config.py (even when the profile directory already exists) | BU11: The LLM creates ~/.qiskit and an empty settings.conf when they are missing, which stops the crash, but the test expects the file to contain a [default] section and the IPython profile's ipython_kernel_config.py to be created, which the fix does not do. Every model fails this case. | BV11: AssertionError | BW11: AssertionError: '' != '[default]\n'; AssertionError: False is not true : Missing ipython_kernel_config.py (even when the profile directory already exists) | BX11: The LLM creates ~/.qiskit and an empty settings.conf when they are missing, which stops the crash, but the test expects the file to contain a [default] section and the IPython profile's ipython_kernel_config.py to be created, which the fix does not do. Every model fails this case. | BY11: AssertionError | BZ11: AssertionError: '' != '[default]\n'; AssertionError: False is not true : Missing ipython_kernel_config.py (even when the profile directory already exists) | CA11: The LLM creates ~/.qiskit and an empty settings.conf when they are missing, which stops the crash, but the test expects the file to contain a [default] section and the IPython profile's ipython_kernel_config.py to be created, which the fix does not do. Every model fails this case. | CB11: AssertionError | CC11: AssertionError: '' != '[default]\n'; AssertionError: False is not true : Missing ipython_kernel_config.py (even when the profile directory already exists) | CD11: The LLM creates ~/.qiskit and an empty settings.conf when they are missing, which stops the crash, but the test expects the file to contain a [default] section and the IPython profile's ipython_kernel_config.py to be created, which the fix does not do. Every model fails this case. | CE11: AssertionError | CF11: AssertionError: '' != '[default]\n'; AssertionError: False is not true : Missing ipython_kernel_config.py (even when the profile directory already exists) | CG11: The LLM creates ~/.qiskit and an empty settings.conf when they are missing, which stops the crash, but the test expects the file to contain a [default] section and the IPython profile's ipython_kernel_config.py to be created, which the fix does not do. Every model fails this case. | CH11: AssertionError | CI11: AssertionError: '' != '[default]\n'; AssertionError: False is not true : Missing ipython_kernel_config.py (even when the profile directory already exists) | CJ11: The LLM creates ~/.qiskit and an empty settings.conf when they are missing, which stops the crash, but the test expects the file to contain a [default] section and the IPython profile's ipython_kernel_config.py to be created, which the fix does not do. Every model fails this case. | CK11: AssertionError | CL11: AssertionError: '' != '[default]\n'; AssertionError: False is not true : Missing ipython_kernel_config.py (even when the profile directory already exists) | CM11: The LLM creates ~/.qiskit and an empty settings.conf when they are missing, which stops the crash, but the test expects the file to contain a [default] section and the IPython profile's ipython_kernel_config.py to be created, which the fix does not do. Every model fails this case. | CN11: AssertionError | CO11: AssertionError: '' != '[default]\n'; AssertionError: False is not true : Missing ipython_kernel_config.py (even when the profile directory already exists) | CP11: The LLM creates ~/.qiskit and an empty settings.conf when they are missing, which stops the crash, but the test expects the file to contain a [default] section and the IPython profile's ipython_kernel_config.py to be created, which the fix does not do. Every model fails this case. | CQ11: AssertionError | CR11: AssertionError: '' != '[default]\n'; AssertionError: False is not true : Missing ipython_kernel_config.py (even when the profile directory already exists) | CS11: The LLM creates ~/.qiskit and an empty settings.conf when they are missing, which stops the crash, but the test expects the file to contain a [default] section and the IPython profile's ipython_kernel_config.py to be created, which the fix does not do. Every model fails this case. | CT11: AssertionError | CU11: AssertionError: '' != '[default]\n'; AssertionError: False is not true : Missing ipython_kernel_config.py (even when the profile directory already exists) | CV11: The LLM creates ~/.qiskit and an empty settings.conf when they are missing, which stops the crash, but the test expects the file to contain a [default] section and the IPython profile's ipython_kernel_config.py to be created, which the fix does not do. Every model fails this case. | CW11: AssertionError | CX11: AssertionError: '' != '[default]\n'; AssertionError: False is not true : Missing ipython_kernel_config.py (even when the profile directory already exists) | CY11: The LLM creates ~/.qiskit and an empty settings.conf when they are missing, which stops the crash, but the test expects the file to contain a [default] section and the IPython profile's ipython_kernel_config.py to be created, which the fix does not do. Every model fails this case. | CZ11: AssertionError | DA11: AssertionError: '' != '[default]\n'; AssertionError: False is not true : Missing ipython_kernel_config.py (even when the profile directory already exists) | DB11: The LLM creates ~/.qiskit and an empty settings.conf when they are missing, which stops the crash, but the test expects the file to contain a [default] section and the IPython profile's ipython_kernel_config.py to be created, which the fix does not do. Every model fails this case. | DC11: AssertionError | DD11: AssertionError: '' != '[default]\n'; AssertionError: False is not true : Missing ipython_kernel_config.py (even when the profile directory already exists) | DE11: The LLM creates ~/.qiskit and an empty settings.conf when they are missing, which stops the crash, but the test expects the file to contain a [default] section and the IPython profile's ipython_kernel_config.py to be created, which the fix does not do. Every model fails this case.
A12: issue_155 | B12: Passed on test | C12: Passed on test | D12: Passed on test | E12: Passed on test | F12: Passed on test | G12: Passed on test | H12: Passed on test | I12: Passed on test | J12: Passed on test | K12: Passed on test | L12: Passed on test | M12: Passed on test | N12: NOT_TESTED | O12: NOT_TESTED | P12: NOT_TESTED | Q12: NOT_TESTED | R12: NOT_TESTED | S12: NOT_TESTED | T12: NOT_TESTED | U12: NOT_TESTED | V12: NOT_TESTED | W12: NOT_TESTED | X12: NOT_TESTED | Y12: NOT_TESTED | Z12: NOT_TESTED | AA12: NOT_TESTED | AB12: NOT_TESTED
A13: issue_157 | B13: Runtime error | C13: Runtime error | D13: Runtime error | E13: Runtime error | F13: Passed on test | G13: Passed on test | H13: Passed on test | I13: Passed on test | J13: Passed on test | K13: Passed on test | L13: Passed on test | M13: Passed on test | N13: NOT_TESTED | O13: NOT_TESTED | P13: NOT_TESTED | Q13: NOT_TESTED | R13: NOT_TESTED | S13: NOT_TESTED | T13: NOT_TESTED | U13: NOT_TESTED | V13: NOT_TESTED | W13: NOT_TESTED | X13: NOT_TESTED | Y13: NOT_TESTED | Z13: NOT_TESTED | AA13: NOT_TESTED | AB13: NOT_TESTED | AC13: ImportError | AD13: ImportError: cannot import name 'StatePreparation' from 'qiskit.circuit.library' (C:\qiskit_envs\q0250\lib\site-packages\qiskit\circuit\library\__init__.py) | AE13: Error on 0.25.x, passed on 0.45.x / 0.46.x: the LLM replaced initialize() (which contains a non-unitary reset and can't be controlled) with a StatePreparation gate, which is correct, but StatePreparation doesn't exist yet in Qiskit 0.25 (ImportError). Same code as claude-sonnet-5-5; every model loses 0.25.x on this case. | AF13: ImportError | AG13: ImportError: cannot import name 'StatePreparation' from 'qiskit.circuit.library' (C:\qiskit_envs\q0251\lib\site-packages\qiskit\circuit\library\__init__.py) | AH13: Error on 0.25.x, passed on 0.45.x / 0.46.x: the LLM replaced initialize() (which contains a non-unitary reset and can't be controlled) with a StatePreparation gate, which is correct, but StatePreparation doesn't exist yet in Qiskit 0.25 (ImportError). Same code as claude-sonnet-5-5; every model loses 0.25.x on this case. | AI13: ImportError | AJ13: ImportError: cannot import name 'StatePreparation' from 'qiskit.circuit.library' (C:\qiskit_envs\q0252\lib\site-packages\qiskit\circuit\library\__init__.py) | AK13: Error on 0.25.x, passed on 0.45.x / 0.46.x: the LLM replaced initialize() (which contains a non-unitary reset and can't be controlled) with a StatePreparation gate, which is correct, but StatePreparation doesn't exist yet in Qiskit 0.25 (ImportError). Same code as claude-sonnet-5-5; every model loses 0.25.x on this case. | AL13: ImportError | AM13: ImportError: cannot import name 'StatePreparation' from 'qiskit.circuit.library' (C:\qiskit_envs\q0253\lib\site-packages\qiskit\circuit\library\__init__.py) | AN13: Error on 0.25.x, passed on 0.45.x / 0.46.x: the LLM replaced initialize() (which contains a non-unitary reset and can't be controlled) with a StatePreparation gate, which is correct, but StatePreparation doesn't exist yet in Qiskit 0.25 (ImportError). Same code as claude-sonnet-5-5; every model loses 0.25.x on this case.
A14: issue_174 | B14: Passed on test | C14: Passed on test | D14: Passed on test | E14: Passed on test | F14: Passed on test | G14: Passed on test | H14: Passed on test | I14: Passed on test | J14: Passed on test | K14: Passed on test | L14: Passed on test | M14: Passed on test | N14: NOT_TESTED | O14: NOT_TESTED | P14: NOT_TESTED | Q14: NOT_TESTED | R14: NOT_TESTED | S14: NOT_TESTED | T14: NOT_TESTED | U14: NOT_TESTED | V14: NOT_TESTED | W14: NOT_TESTED | X14: NOT_TESTED | Y14: NOT_TESTED | Z14: NOT_TESTED | AA14: NOT_TESTED | AB14: NOT_TESTED
A15: issue_189 | B15: NOT_TESTED | C15: NOT_TESTED | D15: NOT_TESTED | E15: NOT_TESTED | F15: Passed on test | G15: Passed on test | H15: Passed on test | I15: Passed on test | J15: Passed on test | K15: Passed on test | L15: Passed on test | M15: Passed on test | N15: Passed on test | O15: Passed on test | P15: Passed on test | Q15: Passed on test | R15: Passed on test | S15: Passed on test | T15: Passed on test | U15: Passed on test | V15: Passed on test | W15: Passed on test | X15: Passed on test | Y15: Passed on test | Z15: Passed on test | AA15: Passed on test | AB15: Passed on test
A16: issue_225 | B16: NOT_TESTED | C16: NOT_TESTED | D16: NOT_TESTED | E16: NOT_TESTED | F16: Passed on test | G16: Passed on test | H16: Passed on test | I16: Passed on test | J16: Passed on test | K16: Passed on test | L16: Passed on test | M16: Passed on test | N16: NOT_TESTED | O16: NOT_TESTED | P16: NOT_TESTED | Q16: NOT_TESTED | R16: NOT_TESTED | S16: NOT_TESTED | T16: NOT_TESTED | U16: NOT_TESTED | V16: NOT_TESTED | W16: NOT_TESTED | X16: NOT_TESTED | Y16: NOT_TESTED | Z16: NOT_TESTED | AA16: NOT_TESTED | AB16: NOT_TESTED
A17: issue_233 | B17: Runtime error | C17: Runtime error | D17: Runtime error | E17: Runtime error | F17: Runtime error | G17: Runtime error | H17: Runtime error | I17: Runtime error | J17: Runtime error | K17: Runtime error | L17: Runtime error | M17: Runtime error | N17: Runtime error | O17: Runtime error | P17: Runtime error | Q17: Runtime error | R17: Runtime error | S17: Runtime error | T17: Runtime error | U17: Runtime error | V17: Runtime error | W17: Runtime error | X17: Runtime error | Y17: Runtime error | Z17: Runtime error | AA17: Runtime error | AB17: Runtime error | AC17: TypeError | AD17: TypeError: 'int' object is not callable | AE17: The LLM decided the bug was composing into a TwoLocal blueprint circuit and replaced the in-place compose with rot = rot.compose(var), but it kept the rot.num_parameters_settable() calls, and num_parameters_settable is an int property, so calling it raises TypeError on every version. claude-sonnet-5-5 and both luna models crashed the same way; claude-opus-5-5, gpt-6.1-sol and gpt-6-astra replaced both calls with num_parameters and passed. | AF17: TypeError | AG17: TypeError: 'int' object is not callable | AH17: The LLM decided the bug was composing into a TwoLocal blueprint circuit and replaced the in-place compose with rot = rot.compose(var), but it kept the rot.num_parameters_settable() calls, and num_parameters_settable is an int property, so calling it raises TypeError on every version. claude-sonnet-5-5 and both luna models crashed the same way; claude-opus-5-5, gpt-6.1-sol and gpt-6-astra replaced both calls with num_parameters and passed. | AI17: TypeError | AJ17: TypeError: 'int' object is not callable | AK17: The LLM decided the bug was composing into a TwoLocal blueprint circuit and replaced the in-place compose with rot = rot.compose(var), but it kept the rot.num_parameters_settable() calls, and num_parameters_settable is an int property, so calling it raises TypeError on every version. claude-sonnet-5-5 and both luna models crashed the same way; claude-opus-5-5, gpt-6.1-sol and gpt-6-astra replaced both calls with num_parameters and passed. | AL17: TypeError | AM17: TypeError: 'int' object is not callable | AN17: The LLM decided the bug was composing into a TwoLocal blueprint circuit and replaced the in-place compose with rot = rot.compose(var), but it kept the rot.num_parameters_settable() calls, and num_parameters_settable is an int property, so calling it raises TypeError on every version. claude-sonnet-5-5 and both luna models crashed the same way; claude-opus-5-5, gpt-6.1-sol and gpt-6-astra replaced both calls with num_parameters and passed. | AO17: TypeError | AP17: TypeError: 'int' object is not callable | AQ17: The LLM decided the bug was composing into a TwoLocal blueprint circuit and replaced the in-place compose with rot = rot.compose(var), but it kept the rot.num_parameters_settable() calls, and num_parameters_settable is an int property, so calling it raises TypeError on every version. claude-sonnet-5-5 and both luna models crashed the same way; claude-opus-5-5, gpt-6.1-sol and gpt-6-astra replaced both calls with num_parameters and passed. | AR17: TypeError | AS17: TypeError: 'int' object is not callable | AT17: The LLM decided the bug was composing into a TwoLocal blueprint circuit and replaced the in-place compose with rot = rot.compose(var), but it kept the rot.num_parameters_settable() calls, and num_parameters_settable is an int property, so calling it raises TypeError on every version. claude-sonnet-5-5 and both luna models crashed the same way; claude-opus-5-5, gpt-6.1-sol and gpt-6-astra replaced both calls with num_parameters and passed. | AU17: TypeError | AV17: TypeError: 'int' object is not callable | AW17: The LLM decided the bug was composing into a TwoLocal blueprint circuit and replaced the in-place compose with rot = rot.compose(var), but it kept the rot.num_parameters_settable() calls, and num_parameters_settable is an int property, so calling it raises TypeError on every version. claude-sonnet-5-5 and both luna models crashed the same way; claude-opus-5-5, gpt-6.1-sol and gpt-6-astra replaced both calls with num_parameters and passed. | AX17: TypeError | AY17: TypeError: 'int' object is not callable | AZ17: The LLM decided the bug was composing into a TwoLocal blueprint circuit and replaced the in-place compose with rot = rot.compose(var), but it kept the rot.num_parameters_settable() calls, and num_parameters_settable is an int property, so calling it raises TypeError on every version. claude-sonnet-5-5 and both luna models crashed the same way; claude-opus-5-5, gpt-6.1-sol and gpt-6-astra replaced both calls with num_parameters and passed. | BA17: TypeError | BB17: TypeError: 'int' object is not callable | BC17: The LLM decided the bug was composing into a TwoLocal blueprint circuit and replaced the in-place compose with rot = rot.compose(var), but it kept the rot.num_parameters_settable() calls, and num_parameters_settable is an int property, so calling it raises TypeError on every version. claude-sonnet-5-5 and both luna models crashed the same way; claude-opus-5-5, gpt-6.1-sol and gpt-6-astra replaced both calls with num_parameters and passed. | BD17: TypeError | BE17: TypeError: 'int' object is not callable | BF17: The LLM decided the bug was composing into a TwoLocal blueprint circuit and replaced the in-place compose with rot = rot.compose(var), but it kept the rot.num_parameters_settable() calls, and num_parameters_settable is an int property, so calling it raises TypeError on every version. claude-sonnet-5-5 and both luna models crashed the same way; claude-opus-5-5, gpt-6.1-sol and gpt-6-astra replaced both calls with num_parameters and passed. | BG17: TypeError | BH17: TypeError: 'int' object is not callable | BI17: The LLM decided the bug was composing into a TwoLocal blueprint circuit and replaced the in-place compose with rot = rot.compose(var), but it kept the rot.num_parameters_settable() calls, and num_parameters_settable is an int property, so calling it raises TypeError on every version. claude-sonnet-5-5 and both luna models crashed the same way; claude-opus-5-5, gpt-6.1-sol and gpt-6-astra replaced both calls with num_parameters and passed. | BJ17: TypeError | BK17: TypeError: 'int' object is not callable | BL17: The LLM decided the bug was composing into a TwoLocal blueprint circuit and replaced the in-place compose with rot = rot.compose(var), but it kept the rot.num_parameters_settable() calls, and num_parameters_settable is an int property, so calling it raises TypeError on every version. claude-sonnet-5-5 and both luna models crashed the same way; claude-opus-5-5, gpt-6.1-sol and gpt-6-astra replaced both calls with num_parameters and passed. | BM17: TypeError | BN17: TypeError: 'int' object is not callable | BO17: The LLM decided the bug was composing into a TwoLocal blueprint circuit and replaced the in-place compose with rot = rot.compose(var), but it kept the rot.num_parameters_settable() calls, and num_parameters_settable is an int property, so calling it raises TypeError on every version. claude-sonnet-5-5 and both luna models crashed the same way; claude-opus-5-5, gpt-6.1-sol and gpt-6-astra replaced both calls with num_parameters and passed. | BP17: TypeError | BQ17: TypeError: 'int' object is not callable | BR17: The LLM decided the bug was composing into a TwoLocal blueprint circuit and replaced the in-place compose with rot = rot.compose(var), but it kept the rot.num_parameters_settable() calls, and num_parameters_settable is an int property, so calling it raises TypeError on every version. claude-sonnet-5-5 and both luna models crashed the same way; claude-opus-5-5, gpt-6.1-sol and gpt-6-astra replaced both calls with num_parameters and passed. | BS17: TypeError | BT17: TypeError: 'int' object is not callable | BU17: The LLM decided the bug was composing into a TwoLocal blueprint circuit and replaced the in-place compose with rot = rot.compose(var), but it kept the rot.num_parameters_settable() calls, and num_parameters_settable is an int property, so calling it raises TypeError on every version. claude-sonnet-5-5 and both luna models crashed the same way; claude-opus-5-5, gpt-6.1-sol and gpt-6-astra replaced both calls with num_parameters and passed. | BV17: TypeError | BW17: TypeError: 'int' object is not callable | BX17: The LLM decided the bug was composing into a TwoLocal blueprint circuit and replaced the in-place compose with rot = rot.compose(var), but it kept the rot.num_parameters_settable() calls, and num_parameters_settable is an int property, so calling it raises TypeError on every version. claude-sonnet-5-5 and both luna models crashed the same way; claude-opus-5-5, gpt-6.1-sol and gpt-6-astra replaced both calls with num_parameters and passed. | BY17: TypeError | BZ17: TypeError: 'int' object is not callable | CA17: The LLM decided the bug was composing into a TwoLocal blueprint circuit and replaced the in-place compose with rot = rot.compose(var), but it kept the rot.num_parameters_settable() calls, and num_parameters_settable is an int property, so calling it raises TypeError on every version. claude-sonnet-5-5 and both luna models crashed the same way; claude-opus-5-5, gpt-6.1-sol and gpt-6-astra replaced both calls with num_parameters and passed. | CB17: TypeError | CC17: TypeError: 'int' object is not callable | CD17: The LLM decided the bug was composing into a TwoLocal blueprint circuit and replaced the in-place compose with rot = rot.compose(var), but it kept the rot.num_parameters_settable() calls, and num_parameters_settable is an int property, so calling it raises TypeError on every version. claude-sonnet-5-5 and both luna models crashed the same way; claude-opus-5-5, gpt-6.1-sol and gpt-6-astra replaced both calls with num_parameters and passed. | CE17: TypeError | CF17: TypeError: 'int' object is not callable | CG17: The LLM decided the bug was composing into a TwoLocal blueprint circuit and replaced the in-place compose with rot = rot.compose(var), but it kept the rot.num_parameters_settable() calls, and num_parameters_settable is an int property, so calling it raises TypeError on every version. claude-sonnet-5-5 and both luna models crashed the same way; claude-opus-5-5, gpt-6.1-sol and gpt-6-astra replaced both calls with num_parameters and passed. | CH17: TypeError | CI17: TypeError: 'int' object is not callable | CJ17: The LLM decided the bug was composing into a TwoLocal blueprint circuit and replaced the in-place compose with rot = rot.compose(var), but it kept the rot.num_parameters_settable() calls, and num_parameters_settable is an int property, so calling it raises TypeError on every version. claude-sonnet-5-5 and both luna models crashed the same way; claude-opus-5-5, gpt-6.1-sol and gpt-6-astra replaced both calls with num_parameters and passed. | CK17: TypeError | CL17: TypeError: 'int' object is not callable | CM17: The LLM decided the bug was composing into a TwoLocal blueprint circuit and replaced the in-place compose with rot = rot.compose(var), but it kept the rot.num_parameters_settable() calls, and num_parameters_settable is an int property, so calling it raises TypeError on every version. claude-sonnet-5-5 and both luna models crashed the same way; claude-opus-5-5, gpt-6.1-sol and gpt-6-astra replaced both calls with num_parameters and passed. | CN17: TypeError | CO17: TypeError: 'int' object is not callable | CP17: The LLM decided the bug was composing into a TwoLocal blueprint circuit and replaced the in-place compose with rot = rot.compose(var), but it kept the rot.num_parameters_settable() calls, and num_parameters_settable is an int property, so calling it raises TypeError on every version. claude-sonnet-5-5 and both luna models crashed the same way; claude-opus-5-5, gpt-6.1-sol and gpt-6-astra replaced both calls with num_parameters and passed. | CQ17: TypeError | CR17: TypeError: 'int' object is not callable | CS17: The LLM decided the bug was composing into a TwoLocal blueprint circuit and replaced the in-place compose with rot = rot.compose(var), but it kept the rot.num_parameters_settable() calls, and num_parameters_settable is an int property, so calling it raises TypeError on every version. claude-sonnet-5-5 and both luna models crashed the same way; claude-opus-5-5, gpt-6.1-sol and gpt-6-astra replaced both calls with num_parameters and passed. | CT17: TypeError | CU17: TypeError: 'int' object is not callable | CV17: The LLM decided the bug was composing into a TwoLocal blueprint circuit and replaced the in-place compose with rot = rot.compose(var), but it kept the rot.num_parameters_settable() calls, and num_parameters_settable is an int property, so calling it raises TypeError on every version. claude-sonnet-5-5 and both luna models crashed the same way; claude-opus-5-5, gpt-6.1-sol and gpt-6-astra replaced both calls with num_parameters and passed. | CW17: TypeError | CX17: TypeError: 'int' object is not callable | CY17: The LLM decided the bug was composing into a TwoLocal blueprint circuit and replaced the in-place compose with rot = rot.compose(var), but it kept the rot.num_parameters_settable() calls, and num_parameters_settable is an int property, so calling it raises TypeError on every version. claude-sonnet-5-5 and both luna models crashed the same way; claude-opus-5-5, gpt-6.1-sol and gpt-6-astra replaced both calls with num_parameters and passed. | CZ17: TypeError | DA17: TypeError: 'int' object is not callable | DB17: The LLM decided the bug was composing into a TwoLocal blueprint circuit and replaced the in-place compose with rot = rot.compose(var), but it kept the rot.num_parameters_settable() calls, and num_parameters_settable is an int property, so calling it raises TypeError on every version. claude-sonnet-5-5 and both luna models crashed the same way; claude-opus-5-5, gpt-6.1-sol and gpt-6-astra replaced both calls with num_parameters and passed. | DC17: TypeError | DD17: TypeError: 'int' object is not callable | DE17: The LLM decided the bug was composing into a TwoLocal blueprint circuit and replaced the in-place compose with rot = rot.compose(var), but it kept the rot.num_parameters_settable() calls, and num_parameters_settable is an int property, so calling it raises TypeError on every version. claude-sonnet-5-5 and both luna models crashed the same way; claude-opus-5-5, gpt-6.1-sol and gpt-6-astra replaced both calls with num_parameters and passed.
A18: issue_261 | B18: Passed on test | C18: Passed on test | D18: Passed on test | E18: Passed on test | F18: Passed on test | G18: Passed on test | H18: Passed on test | I18: Passed on test | J18: Passed on test | K18: Passed on test | L18: Passed on test | M18: Passed on test | N18: NOT_TESTED | O18: NOT_TESTED | P18: NOT_TESTED | Q18: NOT_TESTED | R18: NOT_TESTED | S18: NOT_TESTED | T18: NOT_TESTED | U18: NOT_TESTED | V18: NOT_TESTED | W18: NOT_TESTED | X18: NOT_TESTED | Y18: NOT_TESTED | Z18: NOT_TESTED | AA18: NOT_TESTED | AB18: NOT_TESTED
A19: issue_280 | B19: Passed on test | C19: Passed on test | D19: Passed on test | E19: Passed on test | F19: Passed on test | G19: Passed on test | H19: Passed on test | I19: Passed on test | J19: Passed on test | K19: Passed on test | L19: Passed on test | M19: Passed on test | N19: NOT_TESTED | O19: NOT_TESTED | P19: NOT_TESTED | Q19: NOT_TESTED | R19: NOT_TESTED | S19: NOT_TESTED | T19: NOT_TESTED | U19: NOT_TESTED | V19: NOT_TESTED | W19: NOT_TESTED | X19: NOT_TESTED | Y19: NOT_TESTED | Z19: NOT_TESTED | AA19: NOT_TESTED | AB19: NOT_TESTED
A20: issue_295 | B20: NOT_TESTED | C20: NOT_TESTED | D20: NOT_TESTED | E20: NOT_TESTED | F20: Runtime error | G20: Runtime error | H20: Runtime error | I20: Runtime error | J20: Runtime error | K20: Runtime error | L20: Runtime error | M20: Runtime error | N20: NOT_TESTED | O20: NOT_TESTED | P20: NOT_TESTED | Q20: NOT_TESTED | R20: NOT_TESTED | S20: NOT_TESTED | T20: NOT_TESTED | U20: NOT_TESTED | V20: NOT_TESTED | W20: NOT_TESTED | X20: NOT_TESTED | Y20: NOT_TESTED | Z20: NOT_TESTED | AA20: NOT_TESTED | AB20: NOT_TESTED | AO20: TypeError | AP20: TypeError: unsupported operand type(s) for +=: 'QuantumCircuit' and 'QuantumCircuit' | AQ20: The LLM answered NO BUG, saying circuit += oracle validly appends the oracle, and returned the code unchanged, but QuantumCircuit no longer supports += in these versions (TypeError: unsupported operand type(s) for +=). claude-sonnet-5-5 also kept +=; every other model replaced it with compose() and passed. | AR20: TypeError | AS20: TypeError: unsupported operand type(s) for +=: 'QuantumCircuit' and 'QuantumCircuit' | AT20: The LLM answered NO BUG, saying circuit += oracle validly appends the oracle, and returned the code unchanged, but QuantumCircuit no longer supports += in these versions (TypeError: unsupported operand type(s) for +=). claude-sonnet-5-5 also kept +=; every other model replaced it with compose() and passed. | AU20: TypeError | AV20: TypeError: unsupported operand type(s) for +=: 'QuantumCircuit' and 'QuantumCircuit' | AW20: The LLM answered NO BUG, saying circuit += oracle validly appends the oracle, and returned the code unchanged, but QuantumCircuit no longer supports += in these versions (TypeError: unsupported operand type(s) for +=). claude-sonnet-5-5 also kept +=; every other model replaced it with compose() and passed. | AX20: TypeError | AY20: TypeError: unsupported operand type(s) for +=: 'QuantumCircuit' and 'QuantumCircuit' | AZ20: The LLM answered NO BUG, saying circuit += oracle validly appends the oracle, and returned the code unchanged, but QuantumCircuit no longer supports += in these versions (TypeError: unsupported operand type(s) for +=). claude-sonnet-5-5 also kept +=; every other model replaced it with compose() and passed. | BA20: TypeError | BB20: TypeError: unsupported operand type(s) for +=: 'QuantumCircuit' and 'QuantumCircuit' | BC20: The LLM answered NO BUG, saying circuit += oracle validly appends the oracle, and returned the code unchanged, but QuantumCircuit no longer supports += in these versions (TypeError: unsupported operand type(s) for +=). claude-sonnet-5-5 also kept +=; every other model replaced it with compose() and passed. | BD20: TypeError | BE20: TypeError: unsupported operand type(s) for +=: 'QuantumCircuit' and 'QuantumCircuit' | BF20: The LLM answered NO BUG, saying circuit += oracle validly appends the oracle, and returned the code unchanged, but QuantumCircuit no longer supports += in these versions (TypeError: unsupported operand type(s) for +=). claude-sonnet-5-5 also kept +=; every other model replaced it with compose() and passed. | BG20: TypeError | BH20: TypeError: unsupported operand type(s) for +=: 'QuantumCircuit' and 'QuantumCircuit' | BI20: The LLM answered NO BUG, saying circuit += oracle validly appends the oracle, and returned the code unchanged, but QuantumCircuit no longer supports += in these versions (TypeError: unsupported operand type(s) for +=). claude-sonnet-5-5 also kept +=; every other model replaced it with compose() and passed. | BJ20: TypeError | BK20: TypeError: unsupported operand type(s) for +=: 'QuantumCircuit' and 'QuantumCircuit' | BL20: The LLM answered NO BUG, saying circuit += oracle validly appends the oracle, and returned the code unchanged, but QuantumCircuit no longer supports += in these versions (TypeError: unsupported operand type(s) for +=). claude-sonnet-5-5 also kept +=; every other model replaced it with compose() and passed.
A21: issue_315 | B21: NOT_TESTED | C21: NOT_TESTED | D21: NOT_TESTED | E21: NOT_TESTED | F21: Runtime error | G21: Runtime error | H21: Runtime error | I21: Runtime error | J21: Runtime error | K21: Runtime error | L21: Runtime error | M21: Runtime error | N21: Runtime error | O21: Runtime error | P21: Runtime error | Q21: Runtime error | R21: Runtime error | S21: Runtime error | T21: Runtime error | U21: Runtime error | V21: Runtime error | W21: Runtime error | X21: Runtime error | Y21: Runtime error | Z21: Runtime error | AA21: Runtime error | AB21: Runtime error | AO21: ModuleNotFoundError | AP21: ModuleNotFoundError: No module named 'qiskit.providers.basic_provider' | AQ21: The LLM deleted the backend.set_options(...) call instead of switching to a simulator that supports the parallel options (the reference and gpt-6-luna use AerSimulator), so the settings the user wanted are never applied: on 0.46.x / 1.x / 2.x the backend has no max_parallel_threads option to read, and on 0.45.x the code's BasicProvider import doesn't exist yet (ModuleNotFoundError). Same code as claude-sonnet-5-5, claude-opus-5-5, gpt-6.1-sol, gpt-6-astra and gpt-5.6-luna. | AR21: ModuleNotFoundError | AS21: ModuleNotFoundError: No module named 'qiskit.providers.basic_provider' | AT21: The LLM deleted the backend.set_options(...) call instead of switching to a simulator that supports the parallel options (the reference and gpt-6-luna use AerSimulator), so the settings the user wanted are never applied: on 0.46.x / 1.x / 2.x the backend has no max_parallel_threads option to read, and on 0.45.x the code's BasicProvider import doesn't exist yet (ModuleNotFoundError). Same code as claude-sonnet-5-5, claude-opus-5-5, gpt-6.1-sol, gpt-6-astra and gpt-5.6-luna. | AU21: ModuleNotFoundError | AV21: ModuleNotFoundError: No module named 'qiskit.providers.basic_provider' | AW21: The LLM deleted the backend.set_options(...) call instead of switching to a simulator that supports the parallel options (the reference and gpt-6-luna use AerSimulator), so the settings the user wanted are never applied: on 0.46.x / 1.x / 2.x the backend has no max_parallel_threads option to read, and on 0.45.x the code's BasicProvider import doesn't exist yet (ModuleNotFoundError). Same code as claude-sonnet-5-5, claude-opus-5-5, gpt-6.1-sol, gpt-6-astra and gpt-5.6-luna. | AX21: ModuleNotFoundError | AY21: ModuleNotFoundError: No module named 'qiskit.providers.basic_provider' | AZ21: The LLM deleted the backend.set_options(...) call instead of switching to a simulator that supports the parallel options (the reference and gpt-6-luna use AerSimulator), so the settings the user wanted are never applied: on 0.46.x / 1.x / 2.x the backend has no max_parallel_threads option to read, and on 0.45.x the code's BasicProvider import doesn't exist yet (ModuleNotFoundError). Same code as claude-sonnet-5-5, claude-opus-5-5, gpt-6.1-sol, gpt-6-astra and gpt-5.6-luna. | BA21: KeyError | BB21: KeyError: 'max_parallel_threads'; AttributeError: Option max_parallel_threads is not defined | BC21: The LLM deleted the backend.set_options(...) call instead of switching to a simulator that supports the parallel options (the reference and gpt-6-luna use AerSimulator), so the settings the user wanted are never applied: on 0.46.x / 1.x / 2.x the backend has no max_parallel_threads option to read, and on 0.45.x the code's BasicProvider import doesn't exist yet (ModuleNotFoundError). Same code as claude-sonnet-5-5, claude-opus-5-5, gpt-6.1-sol, gpt-6-astra and gpt-5.6-luna. | BD21: KeyError | BE21: KeyError: 'max_parallel_threads'; AttributeError: Option max_parallel_threads is not defined | BF21: The LLM deleted the backend.set_options(...) call instead of switching to a simulator that supports the parallel options (the reference and gpt-6-luna use AerSimulator), so the settings the user wanted are never applied: on 0.46.x / 1.x / 2.x the backend has no max_parallel_threads option to read, and on 0.45.x the code's BasicProvider import doesn't exist yet (ModuleNotFoundError). Same code as claude-sonnet-5-5, claude-opus-5-5, gpt-6.1-sol, gpt-6-astra and gpt-5.6-luna. | BG21: KeyError | BH21: KeyError: 'max_parallel_threads'; AttributeError: Option max_parallel_threads is not defined | BI21: The LLM deleted the backend.set_options(...) call instead of switching to a simulator that supports the parallel options (the reference and gpt-6-luna use AerSimulator), so the settings the user wanted are never applied: on 0.46.x / 1.x / 2.x the backend has no max_parallel_threads option to read, and on 0.45.x the code's BasicProvider import doesn't exist yet (ModuleNotFoundError). Same code as claude-sonnet-5-5, claude-opus-5-5, gpt-6.1-sol, gpt-6-astra and gpt-5.6-luna. | BJ21: KeyError | BK21: KeyError: 'max_parallel_threads'; AttributeError: Option max_parallel_threads is not defined | BL21: The LLM deleted the backend.set_options(...) call instead of switching to a simulator that supports the parallel options (the reference and gpt-6-luna use AerSimulator), so the settings the user wanted are never applied: on 0.46.x / 1.x / 2.x the backend has no max_parallel_threads option to read, and on 0.45.x the code's BasicProvider import doesn't exist yet (ModuleNotFoundError). Same code as claude-sonnet-5-5, claude-opus-5-5, gpt-6.1-sol, gpt-6-astra and gpt-5.6-luna. | BM21: KeyError | BN21: KeyError: 'max_parallel_threads'; AttributeError: Option max_parallel_threads is not defined | BO21: The LLM deleted the backend.set_options(...) call instead of switching to a simulator that supports the parallel options (the reference and gpt-6-luna use AerSimulator), so the settings the user wanted are never applied: on 0.46.x / 1.x / 2.x the backend has no max_parallel_threads option to read, and on 0.45.x the code's BasicProvider import doesn't exist yet (ModuleNotFoundError). Same code as claude-sonnet-5-5, claude-opus-5-5, gpt-6.1-sol, gpt-6-astra and gpt-5.6-luna. | BP21: KeyError | BQ21: KeyError: 'max_parallel_threads'; AttributeError: Option max_parallel_threads is not defined | BR21: The LLM deleted the backend.set_options(...) call instead of switching to a simulator that supports the parallel options (the reference and gpt-6-luna use AerSimulator), so the settings the user wanted are never applied: on 0.46.x / 1.x / 2.x the backend has no max_parallel_threads option to read, and on 0.45.x the code's BasicProvider import doesn't exist yet (ModuleNotFoundError). Same code as claude-sonnet-5-5, claude-opus-5-5, gpt-6.1-sol, gpt-6-astra and gpt-5.6-luna. | BS21: KeyError | BT21: KeyError: 'max_parallel_threads'; AttributeError: Option max_parallel_threads is not defined | BU21: The LLM deleted the backend.set_options(...) call instead of switching to a simulator that supports the parallel options (the reference and gpt-6-luna use AerSimulator), so the settings the user wanted are never applied: on 0.46.x / 1.x / 2.x the backend has no max_parallel_threads option to read, and on 0.45.x the code's BasicProvider import doesn't exist yet (ModuleNotFoundError). Same code as claude-sonnet-5-5, claude-opus-5-5, gpt-6.1-sol, gpt-6-astra and gpt-5.6-luna. | BV21: KeyError | BW21: KeyError: 'max_parallel_threads'; AttributeError: Option max_parallel_threads is not defined | BX21: The LLM deleted the backend.set_options(...) call instead of switching to a simulator that supports the parallel options (the reference and gpt-6-luna use AerSimulator), so the settings the user wanted are never applied: on 0.46.x / 1.x / 2.x the backend has no max_parallel_threads option to read, and on 0.45.x the code's BasicProvider import doesn't exist yet (ModuleNotFoundError). Same code as claude-sonnet-5-5, claude-opus-5-5, gpt-6.1-sol, gpt-6-astra and gpt-5.6-luna. | BY21: KeyError | BZ21: KeyError: 'max_parallel_threads'; AttributeError: Option max_parallel_threads is not defined | CA21: The LLM deleted the backend.set_options(...) call instead of switching to a simulator that supports the parallel options (the reference and gpt-6-luna use AerSimulator), so the settings the user wanted are never applied: on 0.46.x / 1.x / 2.x the backend has no max_parallel_threads option to read, and on 0.45.x the code's BasicProvider import doesn't exist yet (ModuleNotFoundError). Same code as claude-sonnet-5-5, claude-opus-5-5, gpt-6.1-sol, gpt-6-astra and gpt-5.6-luna. | CB21: KeyError | CC21: KeyError: 'max_parallel_threads'; AttributeError: Option max_parallel_threads is not defined | CD21: The LLM deleted the backend.set_options(...) call instead of switching to a simulator that supports the parallel options (the reference and gpt-6-luna use AerSimulator), so the settings the user wanted are never applied: on 0.46.x / 1.x / 2.x the backend has no max_parallel_threads option to read, and on 0.45.x the code's BasicProvider import doesn't exist yet (ModuleNotFoundError). Same code as claude-sonnet-5-5, claude-opus-5-5, gpt-6.1-sol, gpt-6-astra and gpt-5.6-luna. | CE21: KeyError | CF21: KeyError: 'max_parallel_threads'; AttributeError: Option max_parallel_threads is not defined | CG21: The LLM deleted the backend.set_options(...) call instead of switching to a simulator that supports the parallel options (the reference and gpt-6-luna use AerSimulator), so the settings the user wanted are never applied: on 0.46.x / 1.x / 2.x the backend has no max_parallel_threads option to read, and on 0.45.x the code's BasicProvider import doesn't exist yet (ModuleNotFoundError). Same code as claude-sonnet-5-5, claude-opus-5-5, gpt-6.1-sol, gpt-6-astra and gpt-5.6-luna. | CH21: KeyError | CI21: KeyError: 'max_parallel_threads'; AttributeError: Option max_parallel_threads is not defined | CJ21: The LLM deleted the backend.set_options(...) call instead of switching to a simulator that supports the parallel options (the reference and gpt-6-luna use AerSimulator), so the settings the user wanted are never applied: on 0.46.x / 1.x / 2.x the backend has no max_parallel_threads option to read, and on 0.45.x the code's BasicProvider import doesn't exist yet (ModuleNotFoundError). Same code as claude-sonnet-5-5, claude-opus-5-5, gpt-6.1-sol, gpt-6-astra and gpt-5.6-luna. | CK21: KeyError | CL21: KeyError: 'max_parallel_threads'; AttributeError: Option max_parallel_threads is not defined | CM21: The LLM deleted the backend.set_options(...) call instead of switching to a simulator that supports the parallel options (the reference and gpt-6-luna use AerSimulator), so the settings the user wanted are never applied: on 0.46.x / 1.x / 2.x the backend has no max_parallel_threads option to read, and on 0.45.x the code's BasicProvider import doesn't exist yet (ModuleNotFoundError). Same code as claude-sonnet-5-5, claude-opus-5-5, gpt-6.1-sol, gpt-6-astra and gpt-5.6-luna. | CN21: KeyError | CO21: KeyError: 'max_parallel_threads'; AttributeError: Option max_parallel_threads is not defined | CP21: The LLM deleted the backend.set_options(...) call instead of switching to a simulator that supports the parallel options (the reference and gpt-6-luna use AerSimulator), so the settings the user wanted are never applied: on 0.46.x / 1.x / 2.x the backend has no max_parallel_threads option to read, and on 0.45.x the code's BasicProvider import doesn't exist yet (ModuleNotFoundError). Same code as claude-sonnet-5-5, claude-opus-5-5, gpt-6.1-sol, gpt-6-astra and gpt-5.6-luna. | CQ21: KeyError | CR21: KeyError: 'max_parallel_threads'; AttributeError: Option max_parallel_threads is not defined | CS21: The LLM deleted the backend.set_options(...) call instead of switching to a simulator that supports the parallel options (the reference and gpt-6-luna use AerSimulator), so the settings the user wanted are never applied: on 0.46.x / 1.x / 2.x the backend has no max_parallel_threads option to read, and on 0.45.x the code's BasicProvider import doesn't exist yet (ModuleNotFoundError). Same code as claude-sonnet-5-5, claude-opus-5-5, gpt-6.1-sol, gpt-6-astra and gpt-5.6-luna. | CT21: KeyError | CU21: KeyError: 'max_parallel_threads'; AttributeError: Option max_parallel_threads is not defined | CV21: The LLM deleted the backend.set_options(...) call instead of switching to a simulator that supports the parallel options (the reference and gpt-6-luna use AerSimulator), so the settings the user wanted are never applied: on 0.46.x / 1.x / 2.x the backend has no max_parallel_threads option to read, and on 0.45.x the code's BasicProvider import doesn't exist yet (ModuleNotFoundError). Same code as claude-sonnet-5-5, claude-opus-5-5, gpt-6.1-sol, gpt-6-astra and gpt-5.6-luna. | CW21: KeyError | CX21: KeyError: 'max_parallel_threads'; AttributeError: Option max_parallel_threads is not defined | CY21: The LLM deleted the backend.set_options(...) call instead of switching to a simulator that supports the parallel options (the reference and gpt-6-luna use AerSimulator), so the settings the user wanted are never applied: on 0.46.x / 1.x / 2.x the backend has no max_parallel_threads option to read, and on 0.45.x the code's BasicProvider import doesn't exist yet (ModuleNotFoundError). Same code as claude-sonnet-5-5, claude-opus-5-5, gpt-6.1-sol, gpt-6-astra and gpt-5.6-luna. | CZ21: KeyError | DA21: KeyError: 'max_parallel_threads'; AttributeError: Option max_parallel_threads is not defined | DB21: The LLM deleted the backend.set_options(...) call instead of switching to a simulator that supports the parallel options (the reference and gpt-6-luna use AerSimulator), so the settings the user wanted are never applied: on 0.46.x / 1.x / 2.x the backend has no max_parallel_threads option to read, and on 0.45.x the code's BasicProvider import doesn't exist yet (ModuleNotFoundError). Same code as claude-sonnet-5-5, claude-opus-5-5, gpt-6.1-sol, gpt-6-astra and gpt-5.6-luna. | DC21: KeyError | DD21: KeyError: 'max_parallel_threads'; AttributeError: Option max_parallel_threads is not defined | DE21: The LLM deleted the backend.set_options(...) call instead of switching to a simulator that supports the parallel options (the reference and gpt-6-luna use AerSimulator), so the settings the user wanted are never applied: on 0.46.x / 1.x / 2.x the backend has no max_parallel_threads option to read, and on 0.45.x the code's BasicProvider import doesn't exist yet (ModuleNotFoundError). Same code as claude-sonnet-5-5, claude-opus-5-5, gpt-6.1-sol, gpt-6-astra and gpt-5.6-luna.
A22: issue_344 | B22: Runtime error | C22: Runtime error | D22: Runtime error | E22: Runtime error | F22: Runtime error | G22: Runtime error | H22: Runtime error | I22: Runtime error | J22: Runtime error | K22: Runtime error | L22: Runtime error | M22: Runtime error | N22: NOT_TESTED | O22: NOT_TESTED | P22: NOT_TESTED | Q22: NOT_TESTED | R22: NOT_TESTED | S22: NOT_TESTED | T22: NOT_TESTED | U22: NOT_TESTED | V22: NOT_TESTED | W22: NOT_TESTED | X22: NOT_TESTED | Y22: NOT_TESTED | Z22: NOT_TESTED | AA22: NOT_TESTED | AB22: NOT_TESTED | AC22: QiskitError | AD22: qiskit.exceptions.QiskitError: 'Input quantum state is not a valid' | AE22: The LLM passed the Statevector object to entropy() instead of the array, but kept get_statevector(..., decimals=3); the rounded amplitudes are no longer normalized, so Qiskit rejects the state ('Input quantum state is not a valid'). Same code as gpt-5.6-luna; the other five models removed decimals=3 and passed. | AF22: QiskitError | AG22: qiskit.exceptions.QiskitError: 'Input quantum state is not a valid' | AH22: The LLM passed the Statevector object to entropy() instead of the array, but kept get_statevector(..., decimals=3); the rounded amplitudes are no longer normalized, so Qiskit rejects the state ('Input quantum state is not a valid'). Same code as gpt-5.6-luna; the other five models removed decimals=3 and passed. | AI22: QiskitError | AJ22: qiskit.exceptions.QiskitError: 'Input quantum state is not a valid' | AK22: The LLM passed the Statevector object to entropy() instead of the array, but kept get_statevector(..., decimals=3); the rounded amplitudes are no longer normalized, so Qiskit rejects the state ('Input quantum state is not a valid'). Same code as gpt-5.6-luna; the other five models removed decimals=3 and passed. | AL22: QiskitError | AM22: qiskit.exceptions.QiskitError: 'Input quantum state is not a valid' | AN22: The LLM passed the Statevector object to entropy() instead of the array, but kept get_statevector(..., decimals=3); the rounded amplitudes are no longer normalized, so Qiskit rejects the state ('Input quantum state is not a valid'). Same code as gpt-5.6-luna; the other five models removed decimals=3 and passed. | AO22: QiskitError | AP22: qiskit.exceptions.QiskitError: 'Input quantum state is not a valid' | AQ22: The LLM passed the Statevector object to entropy() instead of the array, but kept get_statevector(..., decimals=3); the rounded amplitudes are no longer normalized, so Qiskit rejects the state ('Input quantum state is not a valid'). Same code as gpt-5.6-luna; the other five models removed decimals=3 and passed. | AR22: QiskitError | AS22: qiskit.exceptions.QiskitError: 'Input quantum state is not a valid' | AT22: The LLM passed the Statevector object to entropy() instead of the array, but kept get_statevector(..., decimals=3); the rounded amplitudes are no longer normalized, so Qiskit rejects the state ('Input quantum state is not a valid'). Same code as gpt-5.6-luna; the other five models removed decimals=3 and passed. | AU22: QiskitError | AV22: qiskit.exceptions.QiskitError: 'Input quantum state is not a valid' | AW22: The LLM passed the Statevector object to entropy() instead of the array, but kept get_statevector(..., decimals=3); the rounded amplitudes are no longer normalized, so Qiskit rejects the state ('Input quantum state is not a valid'). Same code as gpt-5.6-luna; the other five models removed decimals=3 and passed. | AX22: QiskitError | AY22: qiskit.exceptions.QiskitError: 'Input quantum state is not a valid' | AZ22: The LLM passed the Statevector object to entropy() instead of the array, but kept get_statevector(..., decimals=3); the rounded amplitudes are no longer normalized, so Qiskit rejects the state ('Input quantum state is not a valid'). Same code as gpt-5.6-luna; the other five models removed decimals=3 and passed. | BA22: QiskitError | BB22: qiskit.exceptions.QiskitError: 'Input quantum state is not a valid' | BC22: The LLM passed the Statevector object to entropy() instead of the array, but kept get_statevector(..., decimals=3); the rounded amplitudes are no longer normalized, so Qiskit rejects the state ('Input quantum state is not a valid'). Same code as gpt-5.6-luna; the other five models removed decimals=3 and passed. | BD22: QiskitError | BE22: qiskit.exceptions.QiskitError: 'Input quantum state is not a valid' | BF22: The LLM passed the Statevector object to entropy() instead of the array, but kept get_statevector(..., decimals=3); the rounded amplitudes are no longer normalized, so Qiskit rejects the state ('Input quantum state is not a valid'). Same code as gpt-5.6-luna; the other five models removed decimals=3 and passed. | BG22: QiskitError | BH22: qiskit.exceptions.QiskitError: 'Input quantum state is not a valid' | BI22: The LLM passed the Statevector object to entropy() instead of the array, but kept get_statevector(..., decimals=3); the rounded amplitudes are no longer normalized, so Qiskit rejects the state ('Input quantum state is not a valid'). Same code as gpt-5.6-luna; the other five models removed decimals=3 and passed. | BJ22: QiskitError | BK22: qiskit.exceptions.QiskitError: 'Input quantum state is not a valid' | BL22: The LLM passed the Statevector object to entropy() instead of the array, but kept get_statevector(..., decimals=3); the rounded amplitudes are no longer normalized, so Qiskit rejects the state ('Input quantum state is not a valid'). Same code as gpt-5.6-luna; the other five models removed decimals=3 and passed.
A23: issue_362 | B23: NOT_TESTED | C23: NOT_TESTED | D23: NOT_TESTED | E23: NOT_TESTED | F23: Passed on test | G23: Passed on test | H23: Passed on test | I23: Passed on test | J23: Passed on test | K23: Passed on test | L23: Passed on test | M23: Passed on test | N23: Passed on test | O23: Passed on test | P23: Passed on test | Q23: Passed on test | R23: Passed on test | S23: Passed on test | T23: Passed on test | U23: Passed on test | V23: Passed on test | W23: Passed on test | X23: Passed on test | Y23: Passed on test | Z23: Passed on test | AA23: Passed on test | AB23: Passed on test
A24: issue_369 | B24: Passed on test | C24: Passed on test | D24: Passed on test | E24: Passed on test | F24: Passed on test | G24: Passed on test | H24: Passed on test | I24: Passed on test | J24: Passed on test | K24: Passed on test | L24: Passed on test | M24: Passed on test | N24: Passed on test | O24: Passed on test | P24: Passed on test | Q24: Passed on test | R24: Passed on test | S24: Passed on test | T24: Passed on test | U24: Passed on test | V24: Passed on test | W24: Passed on test | X24: Passed on test | Y24: Passed on test | Z24: Passed on test | AA24: Passed on test | AB24: Passed on test
A25: issue_396 | B25: Passed on test | C25: Passed on test | D25: Passed on test | E25: Passed on test | F25: Passed on test | G25: Passed on test | H25: Passed on test | I25: Passed on test | J25: Passed on test | K25: Passed on test | L25: Passed on test | M25: Passed on test | N25: Passed on test | O25: Passed on test | P25: Passed on test | Q25: Passed on test | R25: Passed on test | S25: Passed on test | T25: Passed on test | U25: Passed on test | V25: Passed on test | W25: Passed on test | X25: Passed on test | Y25: Passed on test | Z25: Passed on test | AA25: Passed on test | AB25: Passed on test
A26: issue_415 | B26: Passed on test | C26: Passed on test | D26: Passed on test | E26: Passed on test | F26: NOT_TESTED | G26: NOT_TESTED | H26: NOT_TESTED | I26: NOT_TESTED | J26: NOT_TESTED | K26: NOT_TESTED | L26: NOT_TESTED | M26: NOT_TESTED | N26: NOT_TESTED | O26: NOT_TESTED | P26: NOT_TESTED | Q26: NOT_TESTED | R26: NOT_TESTED | S26: NOT_TESTED | T26: NOT_TESTED | U26: NOT_TESTED | V26: NOT_TESTED | W26: NOT_TESTED | X26: NOT_TESTED | Y26: NOT_TESTED | Z26: NOT_TESTED | AA26: NOT_TESTED | AB26: NOT_TESTED
A27: issue_436 | B27: Runtime error | C27: Runtime error | D27: Runtime error | E27: Runtime error | F27: NOT_TESTED | G27: NOT_TESTED | H27: NOT_TESTED | I27: NOT_TESTED | J27: NOT_TESTED | K27: NOT_TESTED | L27: NOT_TESTED | M27: NOT_TESTED | N27: NOT_TESTED | O27: NOT_TESTED | P27: NOT_TESTED | Q27: NOT_TESTED | R27: NOT_TESTED | S27: NOT_TESTED | T27: NOT_TESTED | U27: NOT_TESTED | V27: NOT_TESTED | W27: NOT_TESTED | X27: NOT_TESTED | Y27: NOT_TESTED | Z27: NOT_TESTED | AA27: NOT_TESTED | AB27: NOT_TESTED | AC27: KeyError | AD27: KeyError: 'qubit_lo_freq'; AttributeError: Attribute qubit_lo_freq is not defined | AE27: The LLM removed set_frequency() and modulated the pulse samples instead, which is the right idea, but it reads the LO frequency from backend_config.qubit_lo_freq, which this simulated backend's configuration doesn't have (AttributeError: Attribute qubit_lo_freq is not defined). Every other model passed this case. | AF27: KeyError | AG27: KeyError: 'qubit_lo_freq'; AttributeError: Attribute qubit_lo_freq is not defined | AH27: The LLM removed set_frequency() and modulated the pulse samples instead, which is the right idea, but it reads the LO frequency from backend_config.qubit_lo_freq, which this simulated backend's configuration doesn't have (AttributeError: Attribute qubit_lo_freq is not defined). Every other model passed this case. | AI27: KeyError | AJ27: KeyError: 'qubit_lo_freq'; AttributeError: Attribute qubit_lo_freq is not defined | AK27: The LLM removed set_frequency() and modulated the pulse samples instead, which is the right idea, but it reads the LO frequency from backend_config.qubit_lo_freq, which this simulated backend's configuration doesn't have (AttributeError: Attribute qubit_lo_freq is not defined). Every other model passed this case. | AL27: KeyError | AM27: KeyError: 'qubit_lo_freq'; AttributeError: Attribute qubit_lo_freq is not defined | AN27: The LLM removed set_frequency() and modulated the pulse samples instead, which is the right idea, but it reads the LO frequency from backend_config.qubit_lo_freq, which this simulated backend's configuration doesn't have (AttributeError: Attribute qubit_lo_freq is not defined). Every other model passed this case.
A28: issue_443 | B28: Passed on test | C28: Passed on test | D28: Passed on test | E28: Passed on test | F28: Passed on test | G28: Passed on test | H28: Passed on test | I28: Passed on test | J28: Passed on test | K28: Passed on test | L28: Passed on test | M28: Passed on test | N28: Passed on test | O28: Passed on test | P28: Passed on test | Q28: Passed on test | R28: Passed on test | S28: Passed on test | T28: Passed on test | U28: Passed on test | V28: Passed on test | W28: Passed on test | X28: Passed on test | Y28: Passed on test | Z28: Passed on test | AA28: Passed on test | AB28: Passed on test
A29: issue_453 | B29: NOT_TESTED | C29: NOT_TESTED | D29: NOT_TESTED | E29: NOT_TESTED | F29: Failed on test | G29: Failed on test | H29: Failed on test | I29: Failed on test | J29: Failed on test | K29: Failed on test | L29: Failed on test | M29: Failed on test | N29: Failed on test | O29: Failed on test | P29: Failed on test | Q29: Failed on test | R29: Failed on test | S29: Failed on test | T29: Failed on test | U29: Failed on test | V29: Failed on test | W29: Failed on test | X29: Failed on test | Y29: Failed on test | Z29: Failed on test | AA29: Failed on test | AB29: Failed on test | AO29: AssertionError | AP29: AttributeError: 'QuantumCircuit' object has no attribute 'compose_with_auto_ancillas'; AssertionError: 0 != 2 | AQ29: The LLM widened the target circuit to 4 + anc1.size plain qubits and mapped all six qubits, instead of adding ancillas automatically as the user asked; the test calls the reference answer's helper compose_with_auto_ancillas() by name (AttributeError), and its other check finds no ancilla qubits in the result (0 != 2). Every model fails this case. | AR29: AssertionError | AS29: AttributeError: 'QuantumCircuit' object has no attribute 'compose_with_auto_ancillas'; AssertionError: 0 != 2 | AT29: The LLM widened the target circuit to 4 + anc1.size plain qubits and mapped all six qubits, instead of adding ancillas automatically as the user asked; the test calls the reference answer's helper compose_with_auto_ancillas() by name (AttributeError), and its other check finds no ancilla qubits in the result (0 != 2). Every model fails this case. | AU29: AssertionError | AV29: AttributeError: 'QuantumCircuit' object has no attribute 'compose_with_auto_ancillas'; AssertionError: 0 != 2 | AW29: The LLM widened the target circuit to 4 + anc1.size plain qubits and mapped all six qubits, instead of adding ancillas automatically as the user asked; the test calls the reference answer's helper compose_with_auto_ancillas() by name (AttributeError), and its other check finds no ancilla qubits in the result (0 != 2). Every model fails this case. | AX29: AssertionError | AY29: AttributeError: 'QuantumCircuit' object has no attribute 'compose_with_auto_ancillas'; AssertionError: 0 != 2 | AZ29: The LLM widened the target circuit to 4 + anc1.size plain qubits and mapped all six qubits, instead of adding ancillas automatically as the user asked; the test calls the reference answer's helper compose_with_auto_ancillas() by name (AttributeError), and its other check finds no ancilla qubits in the result (0 != 2). Every model fails this case. | BA29: AssertionError | BB29: AttributeError: 'QuantumCircuit' object has no attribute 'compose_with_auto_ancillas'; AssertionError: 0 != 2 | BC29: The LLM widened the target circuit to 4 + anc1.size plain qubits and mapped all six qubits, instead of adding ancillas automatically as the user asked; the test calls the reference answer's helper compose_with_auto_ancillas() by name (AttributeError), and its other check finds no ancilla qubits in the result (0 != 2). Every model fails this case. | BD29: AssertionError | BE29: AttributeError: 'QuantumCircuit' object has no attribute 'compose_with_auto_ancillas'; AssertionError: 0 != 2 | BF29: The LLM widened the target circuit to 4 + anc1.size plain qubits and mapped all six qubits, instead of adding ancillas automatically as the user asked; the test calls the reference answer's helper compose_with_auto_ancillas() by name (AttributeError), and its other check finds no ancilla qubits in the result (0 != 2). Every model fails this case. | BG29: AssertionError | BH29: AttributeError: 'QuantumCircuit' object has no attribute 'compose_with_auto_ancillas'; AssertionError: 0 != 2 | BI29: The LLM widened the target circuit to 4 + anc1.size plain qubits and mapped all six qubits, instead of adding ancillas automatically as the user asked; the test calls the reference answer's helper compose_with_auto_ancillas() by name (AttributeError), and its other check finds no ancilla qubits in the result (0 != 2). Every model fails this case. | BJ29: AssertionError | BK29: AttributeError: 'QuantumCircuit' object has no attribute 'compose_with_auto_ancillas'; AssertionError: 0 != 2 | BL29: The LLM widened the target circuit to 4 + anc1.size plain qubits and mapped all six qubits, instead of adding ancillas automatically as the user asked; the test calls the reference answer's helper compose_with_auto_ancillas() by name (AttributeError), and its other check finds no ancilla qubits in the result (0 != 2). Every model fails this case. | BM29: AssertionError | BN29: AttributeError: 'QuantumCircuit' object has no attribute 'compose_with_auto_ancillas'; AssertionError: 0 != 2 | BO29: The LLM widened the target circuit to 4 + anc1.size plain qubits and mapped all six qubits, instead of adding ancillas automatically as the user asked; the test calls the reference answer's helper compose_with_auto_ancillas() by name (AttributeError), and its other check finds no ancilla qubits in the result (0 != 2). Every model fails this case. | BP29: AssertionError | BQ29: AttributeError: 'QuantumCircuit' object has no attribute 'compose_with_auto_ancillas'; AssertionError: 0 != 2 | BR29: The LLM widened the target circuit to 4 + anc1.size plain qubits and mapped all six qubits, instead of adding ancillas automatically as the user asked; the test calls the reference answer's helper compose_with_auto_ancillas() by name (AttributeError), and its other check finds no ancilla qubits in the result (0 != 2). Every model fails this case. | BS29: AssertionError | BT29: AttributeError: 'QuantumCircuit' object has no attribute 'compose_with_auto_ancillas'; AssertionError: 0 != 2 | BU29: The LLM widened the target circuit to 4 + anc1.size plain qubits and mapped all six qubits, instead of adding ancillas automatically as the user asked; the test calls the reference answer's helper compose_with_auto_ancillas() by name (AttributeError), and its other check finds no ancilla qubits in the result (0 != 2). Every model fails this case. | BV29: AssertionError | BW29: AttributeError: 'QuantumCircuit' object has no attribute 'compose_with_auto_ancillas'; AssertionError: 0 != 2 | BX29: The LLM widened the target circuit to 4 + anc1.size plain qubits and mapped all six qubits, instead of adding ancillas automatically as the user asked; the test calls the reference answer's helper compose_with_auto_ancillas() by name (AttributeError), and its other check finds no ancilla qubits in the result (0 != 2). Every model fails this case. | BY29: AssertionError | BZ29: AttributeError: 'QuantumCircuit' object has no attribute 'compose_with_auto_ancillas'; AssertionError: 0 != 2 | CA29: The LLM widened the target circuit to 4 + anc1.size plain qubits and mapped all six qubits, instead of adding ancillas automatically as the user asked; the test calls the reference answer's helper compose_with_auto_ancillas() by name (AttributeError), and its other check finds no ancilla qubits in the result (0 != 2). Every model fails this case. | CB29: AssertionError | CC29: AttributeError: 'QuantumCircuit' object has no attribute 'compose_with_auto_ancillas'; AssertionError: 0 != 2 | CD29: The LLM widened the target circuit to 4 + anc1.size plain qubits and mapped all six qubits, instead of adding ancillas automatically as the user asked; the test calls the reference answer's helper compose_with_auto_ancillas() by name (AttributeError), and its other check finds no ancilla qubits in the result (0 != 2). Every model fails this case. | CE29: AssertionError | CF29: AttributeError: 'QuantumCircuit' object has no attribute 'compose_with_auto_ancillas'; AssertionError: 0 != 2 | CG29: The LLM widened the target circuit to 4 + anc1.size plain qubits and mapped all six qubits, instead of adding ancillas automatically as the user asked; the test calls the reference answer's helper compose_with_auto_ancillas() by name (AttributeError), and its other check finds no ancilla qubits in the result (0 != 2). Every model fails this case. | CH29: AssertionError | CI29: AttributeError: 'QuantumCircuit' object has no attribute 'compose_with_auto_ancillas'; AssertionError: 0 != 2 | CJ29: The LLM widened the target circuit to 4 + anc1.size plain qubits and mapped all six qubits, instead of adding ancillas automatically as the user asked; the test calls the reference answer's helper compose_with_auto_ancillas() by name (AttributeError), and its other check finds no ancilla qubits in the result (0 != 2). Every model fails this case. | CK29: AssertionError | CL29: AttributeError: 'QuantumCircuit' object has no attribute 'compose_with_auto_ancillas'; AssertionError: 0 != 2 | CM29: The LLM widened the target circuit to 4 + anc1.size plain qubits and mapped all six qubits, instead of adding ancillas automatically as the user asked; the test calls the reference answer's helper compose_with_auto_ancillas() by name (AttributeError), and its other check finds no ancilla qubits in the result (0 != 2). Every model fails this case. | CN29: AssertionError | CO29: AttributeError: 'QuantumCircuit' object has no attribute 'compose_with_auto_ancillas'; AssertionError: 0 != 2 | CP29: The LLM widened the target circuit to 4 + anc1.size plain qubits and mapped all six qubits, instead of adding ancillas automatically as the user asked; the test calls the reference answer's helper compose_with_auto_ancillas() by name (AttributeError), and its other check finds no ancilla qubits in the result (0 != 2). Every model fails this case. | CQ29: AssertionError | CR29: AttributeError: 'QuantumCircuit' object has no attribute 'compose_with_auto_ancillas'; AssertionError: 0 != 2 | CS29: The LLM widened the target circuit to 4 + anc1.size plain qubits and mapped all six qubits, instead of adding ancillas automatically as the user asked; the test calls the reference answer's helper compose_with_auto_ancillas() by name (AttributeError), and its other check finds no ancilla qubits in the result (0 != 2). Every model fails this case. | CT29: AssertionError | CU29: AttributeError: 'QuantumCircuit' object has no attribute 'compose_with_auto_ancillas'; AssertionError: 0 != 2 | CV29: The LLM widened the target circuit to 4 + anc1.size plain qubits and mapped all six qubits, instead of adding ancillas automatically as the user asked; the test calls the reference answer's helper compose_with_auto_ancillas() by name (AttributeError), and its other check finds no ancilla qubits in the result (0 != 2). Every model fails this case. | CW29: AssertionError | CX29: AttributeError: 'QuantumCircuit' object has no attribute 'compose_with_auto_ancillas'; AssertionError: 0 != 2 | CY29: The LLM widened the target circuit to 4 + anc1.size plain qubits and mapped all six qubits, instead of adding ancillas automatically as the user asked; the test calls the reference answer's helper compose_with_auto_ancillas() by name (AttributeError), and its other check finds no ancilla qubits in the result (0 != 2). Every model fails this case. | CZ29: AssertionError | DA29: AttributeError: 'QuantumCircuit' object has no attribute 'compose_with_auto_ancillas'; AssertionError: 0 != 2 | DB29: The LLM widened the target circuit to 4 + anc1.size plain qubits and mapped all six qubits, instead of adding ancillas automatically as the user asked; the test calls the reference answer's helper compose_with_auto_ancillas() by name (AttributeError), and its other check finds no ancilla qubits in the result (0 != 2). Every model fails this case. | DC29: AssertionError | DD29: AttributeError: 'QuantumCircuit' object has no attribute 'compose_with_auto_ancillas'; AssertionError: 0 != 2 | DE29: The LLM widened the target circuit to 4 + anc1.size plain qubits and mapped all six qubits, instead of adding ancillas automatically as the user asked; the test calls the reference answer's helper compose_with_auto_ancillas() by name (AttributeError), and its other check finds no ancilla qubits in the result (0 != 2). Every model fails this case.
A30: issue_468 | B30: Failed on test | C30: Failed on test | D30: Failed on test | E30: Failed on test | F30: NOT_TESTED | G30: NOT_TESTED | H30: NOT_TESTED | I30: NOT_TESTED | J30: NOT_TESTED | K30: NOT_TESTED | L30: NOT_TESTED | M30: NOT_TESTED | N30: NOT_TESTED | O30: NOT_TESTED | P30: NOT_TESTED | Q30: NOT_TESTED | R30: NOT_TESTED | S30: NOT_TESTED | T30: NOT_TESTED | U30: NOT_TESTED | V30: NOT_TESTED | W30: NOT_TESTED | X30: NOT_TESTED | Y30: NOT_TESTED | Z30: NOT_TESTED | AA30: NOT_TESTED | AB30: NOT_TESTED | AC30: AssertionError | AD30: AssertionError: Expected one actual commutator call | AE30: The LLM dropped Aqua's legacy commutator() and computed AB - BA directly on the density matrices' data, so the script computes the commutator, but the test checks that Qiskit's commutator() is actually called ('Expected one actual commutator call'). Same idea as claude-sonnet-5-5 and claude-opus-5-5; every model fails this case. | AF30: AssertionError | AG30: AssertionError: Expected one actual commutator call | AH30: The LLM dropped Aqua's legacy commutator() and computed AB - BA directly on the density matrices' data, so the script computes the commutator, but the test checks that Qiskit's commutator() is actually called ('Expected one actual commutator call'). Same idea as claude-sonnet-5-5 and claude-opus-5-5; every model fails this case. | AI30: AssertionError | AJ30: AssertionError: Expected one actual commutator call | AK30: The LLM dropped Aqua's legacy commutator() and computed AB - BA directly on the density matrices' data, so the script computes the commutator, but the test checks that Qiskit's commutator() is actually called ('Expected one actual commutator call'). Same idea as claude-sonnet-5-5 and claude-opus-5-5; every model fails this case. | AL30: AssertionError | AM30: AssertionError: Expected one actual commutator call | AN30: The LLM dropped Aqua's legacy commutator() and computed AB - BA directly on the density matrices' data, so the script computes the commutator, but the test checks that Qiskit's commutator() is actually called ('Expected one actual commutator call'). Same idea as claude-sonnet-5-5 and claude-opus-5-5; every model fails this case.
A31: issue_497 | B31: Failed on test | C31: Failed on test | D31: Failed on test | E31: Failed on test | F31: NOT_TESTED | G31: NOT_TESTED | H31: NOT_TESTED | I31: NOT_TESTED | J31: NOT_TESTED | K31: NOT_TESTED | L31: NOT_TESTED | M31: NOT_TESTED | N31: NOT_TESTED | O31: NOT_TESTED | P31: NOT_TESTED | Q31: NOT_TESTED | R31: NOT_TESTED | S31: NOT_TESTED | T31: NOT_TESTED | U31: NOT_TESTED | V31: NOT_TESTED | W31: NOT_TESTED | X31: NOT_TESTED | Y31: NOT_TESTED | Z31: NOT_TESTED | AA31: NOT_TESTED | AB31: NOT_TESTED | AC31: AssertionError | AD31: AssertionError: 2 != 1 : The local expectation batch should use one backend submission | AE31: The LLM only added the missing IBMQJobManager import and kept the two expectation values as separate evaluations, so the test sees two backend submissions instead of one batched job (2 != 1). claude-opus-5-5 made the same change; gpt-5.6-luna batched them into one CircuitSampler call and passed. | AF31: AssertionError | AG31: AssertionError: 2 != 1 : The local expectation batch should use one backend submission | AH31: The LLM only added the missing IBMQJobManager import and kept the two expectation values as separate evaluations, so the test sees two backend submissions instead of one batched job (2 != 1). claude-opus-5-5 made the same change; gpt-5.6-luna batched them into one CircuitSampler call and passed. | AI31: AssertionError | AJ31: AssertionError: 2 != 1 : The local expectation batch should use one backend submission | AK31: The LLM only added the missing IBMQJobManager import and kept the two expectation values as separate evaluations, so the test sees two backend submissions instead of one batched job (2 != 1). claude-opus-5-5 made the same change; gpt-5.6-luna batched them into one CircuitSampler call and passed. | AL31: AssertionError | AM31: AssertionError: 2 != 1 : The local expectation batch should use one backend submission | AN31: The LLM only added the missing IBMQJobManager import and kept the two expectation values as separate evaluations, so the test sees two backend submissions instead of one batched job (2 != 1). claude-opus-5-5 made the same change; gpt-5.6-luna batched them into one CircuitSampler call and passed.
A32: issue_504 | B32: NOT_TESTED | C32: NOT_TESTED | D32: NOT_TESTED | E32: NOT_TESTED | F32: Passed on test | G32: Passed on test | H32: Passed on test | I32: Passed on test | J32: Passed on test | K32: Passed on test | L32: Passed on test | M32: Passed on test | N32: Passed on test | O32: Passed on test | P32: Passed on test | Q32: Passed on test | R32: Passed on test | S32: Passed on test | T32: Passed on test | U32: Passed on test | V32: Passed on test | W32: Passed on test | X32: Passed on test | Y32: Passed on test | Z32: Passed on test | AA32: Passed on test | AB32: Passed on test
A33: issue_505 | B33: NOT_TESTED | C33: NOT_TESTED | D33: NOT_TESTED | E33: NOT_TESTED | F33: Passed on test | G33: Passed on test | H33: Passed on test | I33: Passed on test | J33: Passed on test | K33: Passed on test | L33: Passed on test | M33: Passed on test | N33: NOT_TESTED | O33: NOT_TESTED | P33: NOT_TESTED | Q33: NOT_TESTED | R33: NOT_TESTED | S33: NOT_TESTED | T33: NOT_TESTED | U33: NOT_TESTED | V33: NOT_TESTED | W33: NOT_TESTED | X33: NOT_TESTED | Y33: NOT_TESTED | Z33: NOT_TESTED | AA33: NOT_TESTED | AB33: NOT_TESTED
A34: issue_565 | B34: Runtime error | C34: Runtime error | D34: Runtime error | E34: Runtime error | F34: NOT_TESTED | G34: NOT_TESTED | H34: NOT_TESTED | I34: NOT_TESTED | J34: NOT_TESTED | K34: NOT_TESTED | L34: NOT_TESTED | M34: NOT_TESTED | N34: NOT_TESTED | O34: NOT_TESTED | P34: NOT_TESTED | Q34: NOT_TESTED | R34: NOT_TESTED | S34: NOT_TESTED | T34: NOT_TESTED | U34: NOT_TESTED | V34: NOT_TESTED | W34: NOT_TESTED | X34: NOT_TESTED | Y34: NOT_TESTED | Z34: NOT_TESTED | AA34: NOT_TESTED | AB34: NOT_TESTED | AC34: Timeout | AD34: 120 second timeout | AE34: Error (timeout): the LLM returned Aqua PauliOps instead of quantum_info Operators and built the mixer products with @= starting from the first operator, which removes the crash both luna models hit, but building the QAOA circuits doesn't finish within 120 seconds on any version (2 runs, the second with a single worker). claude-sonnet-5-5, claude-opus-5-5, gpt-6.1-sol and gpt-6-astra timed out the same way. | AF34: Timeout | AG34: 120 second timeout | AH34: Error (timeout): the LLM returned Aqua PauliOps instead of quantum_info Operators and built the mixer products with @= starting from the first operator, which removes the crash both luna models hit, but building the QAOA circuits doesn't finish within 120 seconds on any version (2 runs, the second with a single worker). claude-sonnet-5-5, claude-opus-5-5, gpt-6.1-sol and gpt-6-astra timed out the same way. | AI34: Timeout | AJ34: 120 second timeout | AK34: Error (timeout): the LLM returned Aqua PauliOps instead of quantum_info Operators and built the mixer products with @= starting from the first operator, which removes the crash both luna models hit, but building the QAOA circuits doesn't finish within 120 seconds on any version (2 runs, the second with a single worker). claude-sonnet-5-5, claude-opus-5-5, gpt-6.1-sol and gpt-6-astra timed out the same way. | AL34: Timeout | AM34: 120 second timeout | AN34: Error (timeout): the LLM returned Aqua PauliOps instead of quantum_info Operators and built the mixer products with @= starting from the first operator, which removes the crash both luna models hit, but building the QAOA circuits doesn't finish within 120 seconds on any version (2 runs, the second with a single worker). claude-sonnet-5-5, claude-opus-5-5, gpt-6.1-sol and gpt-6-astra timed out the same way.
A35: issue_595 | B35: NOT_TESTED | C35: NOT_TESTED | D35: NOT_TESTED | E35: NOT_TESTED | F35: Runtime error | G35: Runtime error | H35: Runtime error | I35: Runtime error | J35: Runtime error | K35: Runtime error | L35: Runtime error | M35: Runtime error | N35: Runtime error | O35: Runtime error | P35: Runtime error | Q35: Runtime error | R35: Runtime error | S35: Runtime error | T35: Runtime error | U35: Runtime error | V35: Runtime error | W35: Runtime error | X35: Runtime error | Y35: Runtime error | Z35: Runtime error | AA35: Runtime error | AB35: Runtime error | AO35: KeyError | AP35: KeyError: 'unitary'; qiskit.exceptions.QiskitError: 'No unitary for experiment "<qiskit.circuit.quantumcircuit.QuantumCircuit object at 0x000001B43E48E9D0>"' | AQ35: The LLM selected AerSimulator(method='unitary') but didn't add circ.save_unitary(), so the result holds no unitary ('No unitary for experiment'). Every other model passed (claude-opus-5-5, claude-sonnet-5-5, gpt-6.1-sol and gpt-6-astra added both). | AR35: KeyError | AS35: KeyError: 'unitary'; qiskit.exceptions.QiskitError: 'No unitary for experiment "<qiskit.circuit.quantumcircuit.QuantumCircuit object at 0x000001D21D09F0D0>"' | AT35: The LLM selected AerSimulator(method='unitary') but didn't add circ.save_unitary(), so the result holds no unitary ('No unitary for experiment'). Every other model passed (claude-opus-5-5, claude-sonnet-5-5, gpt-6.1-sol and gpt-6-astra added both). | AU35: KeyError | AV35: KeyError: 'unitary'; qiskit.exceptions.QiskitError: 'No unitary for experiment "<qiskit.circuit.quantumcircuit.QuantumCircuit object at 0x000001EE8773B410>"' | AW35: The LLM selected AerSimulator(method='unitary') but didn't add circ.save_unitary(), so the result holds no unitary ('No unitary for experiment'). Every other model passed (claude-opus-5-5, claude-sonnet-5-5, gpt-6.1-sol and gpt-6-astra added both). | AX35: KeyError | AY35: KeyError: 'unitary'; qiskit.exceptions.QiskitError: 'No unitary for experiment "<qiskit.circuit.quantumcircuit.QuantumCircuit object at 0x0000028C95C867D0>"' | AZ35: The LLM selected AerSimulator(method='unitary') but didn't add circ.save_unitary(), so the result holds no unitary ('No unitary for experiment'). Every other model passed (claude-opus-5-5, claude-sonnet-5-5, gpt-6.1-sol and gpt-6-astra added both). | BA35: KeyError | BB35: KeyError: 'unitary'; qiskit.exceptions.QiskitError: 'No unitary for experiment "<qiskit.circuit.quantumcircuit.QuantumCircuit object at 0x00000216BAA46150>"' | BC35: The LLM selected AerSimulator(method='unitary') but didn't add circ.save_unitary(), so the result holds no unitary ('No unitary for experiment'). Every other model passed (claude-opus-5-5, claude-sonnet-5-5, gpt-6.1-sol and gpt-6-astra added both). | BD35: KeyError | BE35: KeyError: 'unitary'; qiskit.exceptions.QiskitError: 'No unitary for experiment "<qiskit.circuit.quantumcircuit.QuantumCircuit object at 0x000002832DC83210>"' | BF35: The LLM selected AerSimulator(method='unitary') but didn't add circ.save_unitary(), so the result holds no unitary ('No unitary for experiment'). Every other model passed (claude-opus-5-5, claude-sonnet-5-5, gpt-6.1-sol and gpt-6-astra added both). | BG35: KeyError | BH35: KeyError: 'unitary'; qiskit.exceptions.QiskitError: 'No unitary for experiment "<qiskit.circuit.quantumcircuit.QuantumCircuit object at 0x000001E435BC9FD0>"' | BI35: The LLM selected AerSimulator(method='unitary') but didn't add circ.save_unitary(), so the result holds no unitary ('No unitary for experiment'). Every other model passed (claude-opus-5-5, claude-sonnet-5-5, gpt-6.1-sol and gpt-6-astra added both). | BJ35: KeyError | BK35: KeyError: 'unitary'; qiskit.exceptions.QiskitError: 'No unitary for experiment "<qiskit.circuit.quantumcircuit.QuantumCircuit object at 0x0000017F3799E850>"' | BL35: The LLM selected AerSimulator(method='unitary') but didn't add circ.save_unitary(), so the result holds no unitary ('No unitary for experiment'). Every other model passed (claude-opus-5-5, claude-sonnet-5-5, gpt-6.1-sol and gpt-6-astra added both). | BM35: KeyError | BN35: KeyError: 'unitary'; qiskit.exceptions.QiskitError: 'No unitary for experiment "<qiskit.circuit.quantumcircuit.QuantumCircuit object at 0x0000024CD00E3590>"' | BO35: The LLM selected AerSimulator(method='unitary') but didn't add circ.save_unitary(), so the result holds no unitary ('No unitary for experiment'). Every other model passed (claude-opus-5-5, claude-sonnet-5-5, gpt-6.1-sol and gpt-6-astra added both). | BP35: KeyError | BQ35: KeyError: 'unitary'; qiskit.exceptions.QiskitError: 'No unitary for experiment "<qiskit.circuit.quantumcircuit.QuantumCircuit object at 0x000002270F0270D0>"' | BR35: The LLM selected AerSimulator(method='unitary') but didn't add circ.save_unitary(), so the result holds no unitary ('No unitary for experiment'). Every other model passed (claude-opus-5-5, claude-sonnet-5-5, gpt-6.1-sol and gpt-6-astra added both). | BS35: KeyError | BT35: KeyError: 'unitary'; qiskit.exceptions.QiskitError: 'No unitary for experiment "<qiskit.circuit.quantumcircuit.QuantumCircuit object at 0x0000029F6377B650>"' | BU35: The LLM selected AerSimulator(method='unitary') but didn't add circ.save_unitary(), so the result holds no unitary ('No unitary for experiment'). Every other model passed (claude-opus-5-5, claude-sonnet-5-5, gpt-6.1-sol and gpt-6-astra added both). | BV35: KeyError | BW35: KeyError: 'unitary'; qiskit.exceptions.QiskitError: 'No unitary for experiment "<qiskit.circuit.quantumcircuit.QuantumCircuit object at 0x000001FD4BB37950>"' | BX35: The LLM selected AerSimulator(method='unitary') but didn't add circ.save_unitary(), so the result holds no unitary ('No unitary for experiment'). Every other model passed (claude-opus-5-5, claude-sonnet-5-5, gpt-6.1-sol and gpt-6-astra added both). | BY35: KeyError | BZ35: KeyError: 'unitary'; qiskit.exceptions.QiskitError: 'No unitary for experiment "<qiskit.circuit.quantumcircuit.QuantumCircuit object at 0x000002B2C37E7890>"' | CA35: The LLM selected AerSimulator(method='unitary') but didn't add circ.save_unitary(), so the result holds no unitary ('No unitary for experiment'). Every other model passed (claude-opus-5-5, claude-sonnet-5-5, gpt-6.1-sol and gpt-6-astra added both). | CB35: KeyError | CC35: KeyError: 'unitary'; qiskit.exceptions.QiskitError: 'No unitary for experiment "<qiskit.circuit.quantumcircuit.QuantumCircuit object at 0x000001B571D70250>"' | CD35: The LLM selected AerSimulator(method='unitary') but didn't add circ.save_unitary(), so the result holds no unitary ('No unitary for experiment'). Every other model passed (claude-opus-5-5, claude-sonnet-5-5, gpt-6.1-sol and gpt-6-astra added both). | CE35: KeyError | CF35: KeyError: 'unitary'; qiskit.exceptions.QiskitError: 'No unitary for experiment "<qiskit.circuit.quantumcircuit.QuantumCircuit object at 0x000001741E208950>"' | CG35: The LLM selected AerSimulator(method='unitary') but didn't add circ.save_unitary(), so the result holds no unitary ('No unitary for experiment'). Every other model passed (claude-opus-5-5, claude-sonnet-5-5, gpt-6.1-sol and gpt-6-astra added both). | CH35: KeyError | CI35: KeyError: 'unitary'; qiskit.exceptions.QiskitError: 'No unitary for experiment "<qiskit.circuit.quantumcircuit.QuantumCircuit object at 0x0000021ED99C7510>"' | CJ35: The LLM selected AerSimulator(method='unitary') but didn't add circ.save_unitary(), so the result holds no unitary ('No unitary for experiment'). Every other model passed (claude-opus-5-5, claude-sonnet-5-5, gpt-6.1-sol and gpt-6-astra added both). | CK35: KeyError | CL35: KeyError: 'unitary'; qiskit.exceptions.QiskitError: 'No unitary for experiment "<qiskit.circuit.quantumcircuit.QuantumCircuit object at 0x000001870EE9DBD0>"' | CM35: The LLM selected AerSimulator(method='unitary') but didn't add circ.save_unitary(), so the result holds no unitary ('No unitary for experiment'). Every other model passed (claude-opus-5-5, claude-sonnet-5-5, gpt-6.1-sol and gpt-6-astra added both). | CN35: KeyError | CO35: KeyError: 'unitary'; qiskit.exceptions.QiskitError: 'No unitary for experiment "<qiskit.circuit.quantumcircuit.QuantumCircuit object at 0x00000275C3C2FC20>"' | CP35: The LLM selected AerSimulator(method='unitary') but didn't add circ.save_unitary(), so the result holds no unitary ('No unitary for experiment'). Every other model passed (claude-opus-5-5, claude-sonnet-5-5, gpt-6.1-sol and gpt-6-astra added both). | CQ35: KeyError | CR35: KeyError: 'unitary'; qiskit.exceptions.QiskitError: 'No unitary for experiment "<qiskit.circuit.quantumcircuit.QuantumCircuit object at 0x00000164345545F0>"' | CS35: The LLM selected AerSimulator(method='unitary') but didn't add circ.save_unitary(), so the result holds no unitary ('No unitary for experiment'). Every other model passed (claude-opus-5-5, claude-sonnet-5-5, gpt-6.1-sol and gpt-6-astra added both). | CT35: KeyError | CU35: KeyError: 'unitary'; qiskit.exceptions.QiskitError: 'No unitary for experiment "<qiskit.circuit.quantumcircuit.QuantumCircuit object at 0x000001D9CF1F03E0>"' | CV35: The LLM selected AerSimulator(method='unitary') but didn't add circ.save_unitary(), so the result holds no unitary ('No unitary for experiment'). Every other model passed (claude-opus-5-5, claude-sonnet-5-5, gpt-6.1-sol and gpt-6-astra added both). | CW35: KeyError | CX35: KeyError: 'unitary'; qiskit.exceptions.QiskitError: 'No unitary for experiment "<qiskit.circuit.quantumcircuit.QuantumCircuit object at 0x0000024682D68830>"' | CY35: The LLM selected AerSimulator(method='unitary') but didn't add circ.save_unitary(), so the result holds no unitary ('No unitary for experiment'). Every other model passed (claude-opus-5-5, claude-sonnet-5-5, gpt-6.1-sol and gpt-6-astra added both). | CZ35: KeyError | DA35: KeyError: 'unitary'; qiskit.exceptions.QiskitError: 'No unitary for experiment "<qiskit.circuit.quantumcircuit.QuantumCircuit object at 0x000001DEE34E8230>"' | DB35: The LLM selected AerSimulator(method='unitary') but didn't add circ.save_unitary(), so the result holds no unitary ('No unitary for experiment'). Every other model passed (claude-opus-5-5, claude-sonnet-5-5, gpt-6.1-sol and gpt-6-astra added both). | DC35: KeyError | DD35: KeyError: 'unitary'; qiskit.exceptions.QiskitError: 'No unitary for experiment "<qiskit.circuit.quantumcircuit.QuantumCircuit object at 0x000001DE5AC37380>"' | DE35: The LLM selected AerSimulator(method='unitary') but didn't add circ.save_unitary(), so the result holds no unitary ('No unitary for experiment'). Every other model passed (claude-opus-5-5, claude-sonnet-5-5, gpt-6.1-sol and gpt-6-astra added both).
A36: issue_596 | B36: Passed on test | C36: Passed on test | D36: Passed on test | E36: Passed on test | F36: Passed on test | G36: Passed on test | H36: Passed on test | I36: Passed on test | J36: Passed on test | K36: Passed on test | L36: Passed on test | M36: Passed on test | N36: NOT_TESTED | O36: NOT_TESTED | P36: NOT_TESTED | Q36: NOT_TESTED | R36: NOT_TESTED | S36: NOT_TESTED | T36: NOT_TESTED | U36: NOT_TESTED | V36: NOT_TESTED | W36: NOT_TESTED | X36: NOT_TESTED | Y36: NOT_TESTED | Z36: NOT_TESTED | AA36: NOT_TESTED | AB36: NOT_TESTED
A37: issue_600 | B37: Runtime error | C37: Runtime error | D37: Runtime error | E37: Runtime error | F37: Passed on test | G37: Passed on test | H37: Passed on test | I37: Passed on test | J37: Passed on test | K37: Passed on test | L37: Passed on test | M37: Passed on test | N37: NOT_TESTED | O37: NOT_TESTED | P37: NOT_TESTED | Q37: NOT_TESTED | R37: NOT_TESTED | S37: NOT_TESTED | T37: NOT_TESTED | U37: NOT_TESTED | V37: NOT_TESTED | W37: NOT_TESTED | X37: NOT_TESTED | Y37: NOT_TESTED | Z37: NOT_TESTED | AA37: NOT_TESTED | AB37: NOT_TESTED | AC37: ImportError | AD37: ImportError: cannot import name 'PauliGate' from 'qiskit.circuit.library' (C:\qiskit_envs\q0250\lib\site-packages\qiskit\circuit\library\__init__.py) | AE37: Error on 0.25.x, passed on 0.45.x / 0.46.x: the LLM replaced PauliGate(...).power(param) with RXXGate / RYYGate / RZZGate(pi * param), which is correct up to a global phase, but kept the PauliGate import, which doesn't exist in Qiskit 0.25 (ImportError). Same code as claude-sonnet-5-5, claude-opus-5-5 and gpt-6-luna; gpt-6.1-sol and gpt-6-astra removed the import and passed on all 12 versions. | AF37: ImportError | AG37: ImportError: cannot import name 'PauliGate' from 'qiskit.circuit.library' (C:\qiskit_envs\q0251\lib\site-packages\qiskit\circuit\library\__init__.py) | AH37: Error on 0.25.x, passed on 0.45.x / 0.46.x: the LLM replaced PauliGate(...).power(param) with RXXGate / RYYGate / RZZGate(pi * param), which is correct up to a global phase, but kept the PauliGate import, which doesn't exist in Qiskit 0.25 (ImportError). Same code as claude-sonnet-5-5, claude-opus-5-5 and gpt-6-luna; gpt-6.1-sol and gpt-6-astra removed the import and passed on all 12 versions. | AI37: ImportError | AJ37: ImportError: cannot import name 'PauliGate' from 'qiskit.circuit.library' (C:\qiskit_envs\q0252\lib\site-packages\qiskit\circuit\library\__init__.py) | AK37: Error on 0.25.x, passed on 0.45.x / 0.46.x: the LLM replaced PauliGate(...).power(param) with RXXGate / RYYGate / RZZGate(pi * param), which is correct up to a global phase, but kept the PauliGate import, which doesn't exist in Qiskit 0.25 (ImportError). Same code as claude-sonnet-5-5, claude-opus-5-5 and gpt-6-luna; gpt-6.1-sol and gpt-6-astra removed the import and passed on all 12 versions. | AL37: ImportError | AM37: ImportError: cannot import name 'PauliGate' from 'qiskit.circuit.library' (C:\qiskit_envs\q0253\lib\site-packages\qiskit\circuit\library\__init__.py) | AN37: Error on 0.25.x, passed on 0.45.x / 0.46.x: the LLM replaced PauliGate(...).power(param) with RXXGate / RYYGate / RZZGate(pi * param), which is correct up to a global phase, but kept the PauliGate import, which doesn't exist in Qiskit 0.25 (ImportError). Same code as claude-sonnet-5-5, claude-opus-5-5 and gpt-6-luna; gpt-6.1-sol and gpt-6-astra removed the import and passed on all 12 versions.
A38: issue_622 | B38: Passed on test | C38: Passed on test | D38: Passed on test | E38: Passed on test | F38: Passed on test | G38: Passed on test | H38: Passed on test | I38: Passed on test | J38: Passed on test | K38: Passed on test | L38: Passed on test | M38: Passed on test | N38: NOT_TESTED | O38: NOT_TESTED | P38: NOT_TESTED | Q38: NOT_TESTED | R38: NOT_TESTED | S38: NOT_TESTED | T38: NOT_TESTED | U38: NOT_TESTED | V38: NOT_TESTED | W38: NOT_TESTED | X38: NOT_TESTED | Y38: NOT_TESTED | Z38: NOT_TESTED | AA38: NOT_TESTED | AB38: NOT_TESTED
A39: issue_624 | B39: Runtime error | C39: Runtime error | D39: Runtime error | E39: Runtime error | F39: Runtime error | G39: Runtime error | H39: Runtime error | I39: Runtime error | J39: Runtime error | K39: Runtime error | L39: Runtime error | M39: Runtime error | N39: NOT_TESTED | O39: NOT_TESTED | P39: NOT_TESTED | Q39: NOT_TESTED | R39: NOT_TESTED | S39: NOT_TESTED | T39: NOT_TESTED | U39: NOT_TESTED | V39: NOT_TESTED | W39: NOT_TESTED | X39: NOT_TESTED | Y39: NOT_TESTED | Z39: NOT_TESTED | AA39: NOT_TESTED | AB39: NOT_TESTED | AC39: QiskitError | AD39: qiskit.exceptions.QiskitError: 'Invalid input data for PauliTable.' | AE39: Instead of converting the user's circuit H into an operator, the LLM invented a new cost operator (a sum of Z on each qubit, as a SparsePauliOp) and kept H as the mixer. The opflow QAOA in these versions rejects the SparsePauliOp ('Invalid input data for PauliTable' on 0.25.x, no attribute primitive_strings on 0.45.x / 0.46.x), and the operator isn't the user's problem anyway. Both luna models crashed too; the other models passed. | AF39: QiskitError | AG39: qiskit.exceptions.QiskitError: 'Invalid input data for PauliTable.' | AH39: Instead of converting the user's circuit H into an operator, the LLM invented a new cost operator (a sum of Z on each qubit, as a SparsePauliOp) and kept H as the mixer. The opflow QAOA in these versions rejects the SparsePauliOp ('Invalid input data for PauliTable' on 0.25.x, no attribute primitive_strings on 0.45.x / 0.46.x), and the operator isn't the user's problem anyway. Both luna models crashed too; the other models passed. | AI39: QiskitError | AJ39: qiskit.exceptions.QiskitError: 'Invalid input data for PauliTable.' | AK39: Instead of converting the user's circuit H into an operator, the LLM invented a new cost operator (a sum of Z on each qubit, as a SparsePauliOp) and kept H as the mixer. The opflow QAOA in these versions rejects the SparsePauliOp ('Invalid input data for PauliTable' on 0.25.x, no attribute primitive_strings on 0.45.x / 0.46.x), and the operator isn't the user's problem anyway. Both luna models crashed too; the other models passed. | AL39: QiskitError | AM39: qiskit.exceptions.QiskitError: 'Invalid input data for PauliTable.' | AN39: Instead of converting the user's circuit H into an operator, the LLM invented a new cost operator (a sum of Z on each qubit, as a SparsePauliOp) and kept H as the mixer. The opflow QAOA in these versions rejects the SparsePauliOp ('Invalid input data for PauliTable' on 0.25.x, no attribute primitive_strings on 0.45.x / 0.46.x), and the operator isn't the user's problem anyway. Both luna models crashed too; the other models passed. | AO39: AttributeError | AP39: AttributeError: 'SparsePauliOp' object has no attribute 'primitive_strings' | AQ39: Instead of converting the user's circuit H into an operator, the LLM invented a new cost operator (a sum of Z on each qubit, as a SparsePauliOp) and kept H as the mixer. The opflow QAOA in these versions rejects the SparsePauliOp ('Invalid input data for PauliTable' on 0.25.x, no attribute primitive_strings on 0.45.x / 0.46.x), and the operator isn't the user's problem anyway. Both luna models crashed too; the other models passed. | AR39: AttributeError | AS39: AttributeError: 'SparsePauliOp' object has no attribute 'primitive_strings' | AT39: Instead of converting the user's circuit H into an operator, the LLM invented a new cost operator (a sum of Z on each qubit, as a SparsePauliOp) and kept H as the mixer. The opflow QAOA in these versions rejects the SparsePauliOp ('Invalid input data for PauliTable' on 0.25.x, no attribute primitive_strings on 0.45.x / 0.46.x), and the operator isn't the user's problem anyway. Both luna models crashed too; the other models passed. | AU39: AttributeError | AV39: AttributeError: 'SparsePauliOp' object has no attribute 'primitive_strings' | AW39: Instead of converting the user's circuit H into an operator, the LLM invented a new cost operator (a sum of Z on each qubit, as a SparsePauliOp) and kept H as the mixer. The opflow QAOA in these versions rejects the SparsePauliOp ('Invalid input data for PauliTable' on 0.25.x, no attribute primitive_strings on 0.45.x / 0.46.x), and the operator isn't the user's problem anyway. Both luna models crashed too; the other models passed. | AX39: AttributeError | AY39: AttributeError: 'SparsePauliOp' object has no attribute 'primitive_strings' | AZ39: Instead of converting the user's circuit H into an operator, the LLM invented a new cost operator (a sum of Z on each qubit, as a SparsePauliOp) and kept H as the mixer. The opflow QAOA in these versions rejects the SparsePauliOp ('Invalid input data for PauliTable' on 0.25.x, no attribute primitive_strings on 0.45.x / 0.46.x), and the operator isn't the user's problem anyway. Both luna models crashed too; the other models passed. | BA39: AttributeError | BB39: AttributeError: 'SparsePauliOp' object has no attribute 'primitive_strings' | BC39: Instead of converting the user's circuit H into an operator, the LLM invented a new cost operator (a sum of Z on each qubit, as a SparsePauliOp) and kept H as the mixer. The opflow QAOA in these versions rejects the SparsePauliOp ('Invalid input data for PauliTable' on 0.25.x, no attribute primitive_strings on 0.45.x / 0.46.x), and the operator isn't the user's problem anyway. Both luna models crashed too; the other models passed. | BD39: AttributeError | BE39: AttributeError: 'SparsePauliOp' object has no attribute 'primitive_strings' | BF39: Instead of converting the user's circuit H into an operator, the LLM invented a new cost operator (a sum of Z on each qubit, as a SparsePauliOp) and kept H as the mixer. The opflow QAOA in these versions rejects the SparsePauliOp ('Invalid input data for PauliTable' on 0.25.x, no attribute primitive_strings on 0.45.x / 0.46.x), and the operator isn't the user's problem anyway. Both luna models crashed too; the other models passed. | BG39: AttributeError | BH39: AttributeError: 'SparsePauliOp' object has no attribute 'primitive_strings' | BI39: Instead of converting the user's circuit H into an operator, the LLM invented a new cost operator (a sum of Z on each qubit, as a SparsePauliOp) and kept H as the mixer. The opflow QAOA in these versions rejects the SparsePauliOp ('Invalid input data for PauliTable' on 0.25.x, no attribute primitive_strings on 0.45.x / 0.46.x), and the operator isn't the user's problem anyway. Both luna models crashed too; the other models passed. | BJ39: AttributeError | BK39: AttributeError: 'SparsePauliOp' object has no attribute 'primitive_strings' | BL39: Instead of converting the user's circuit H into an operator, the LLM invented a new cost operator (a sum of Z on each qubit, as a SparsePauliOp) and kept H as the mixer. The opflow QAOA in these versions rejects the SparsePauliOp ('Invalid input data for PauliTable' on 0.25.x, no attribute primitive_strings on 0.45.x / 0.46.x), and the operator isn't the user's problem anyway. Both luna models crashed too; the other models passed.
A40: issue_635 | B40: Runtime error | C40: Runtime error | D40: Runtime error | E40: Runtime error | F40: NOT_TESTED | G40: NOT_TESTED | H40: NOT_TESTED | I40: NOT_TESTED | J40: NOT_TESTED | K40: NOT_TESTED | L40: NOT_TESTED | M40: NOT_TESTED | N40: NOT_TESTED | O40: NOT_TESTED | P40: NOT_TESTED | Q40: NOT_TESTED | R40: NOT_TESTED | S40: NOT_TESTED | T40: NOT_TESTED | U40: NOT_TESTED | V40: NOT_TESTED | W40: NOT_TESTED | X40: NOT_TESTED | Y40: NOT_TESTED | Z40: NOT_TESTED | AA40: NOT_TESTED | AB40: NOT_TESTED | AC40: ModuleNotFoundError | AD40: ModuleNotFoundError: No module named 'qiskit_aer' | AE40: The LLM didn't touch the c_if conditions the question is about; it only replaced execute() with backend.run(transpile(...)) and moved Aer to qiskit_aer, and the Aer 0.8 that comes with Qiskit 0.25, the only versions this case runs on, can only be imported as qiskit.providers.aer (ModuleNotFoundError). gpt-6.1-sol is the only model that passes this case. | AF40: ModuleNotFoundError | AG40: ModuleNotFoundError: No module named 'qiskit_aer' | AH40: The LLM didn't touch the c_if conditions the question is about; it only replaced execute() with backend.run(transpile(...)) and moved Aer to qiskit_aer, and the Aer 0.8 that comes with Qiskit 0.25, the only versions this case runs on, can only be imported as qiskit.providers.aer (ModuleNotFoundError). gpt-6.1-sol is the only model that passes this case. | AI40: ModuleNotFoundError | AJ40: ModuleNotFoundError: No module named 'qiskit_aer' | AK40: The LLM didn't touch the c_if conditions the question is about; it only replaced execute() with backend.run(transpile(...)) and moved Aer to qiskit_aer, and the Aer 0.8 that comes with Qiskit 0.25, the only versions this case runs on, can only be imported as qiskit.providers.aer (ModuleNotFoundError). gpt-6.1-sol is the only model that passes this case. | AL40: ModuleNotFoundError | AM40: ModuleNotFoundError: No module named 'qiskit_aer' | AN40: The LLM didn't touch the c_if conditions the question is about; it only replaced execute() with backend.run(transpile(...)) and moved Aer to qiskit_aer, and the Aer 0.8 that comes with Qiskit 0.25, the only versions this case runs on, can only be imported as qiskit.providers.aer (ModuleNotFoundError). gpt-6.1-sol is the only model that passes this case.
A41: issue_662 | B41: NOT_TESTED | C41: NOT_TESTED | D41: NOT_TESTED | E41: NOT_TESTED | F41: Runtime error | G41: Runtime error | H41: Runtime error | I41: Runtime error | J41: Runtime error | K41: Runtime error | L41: Runtime error | M41: Runtime error | N41: Runtime error | O41: Runtime error | P41: Runtime error | Q41: Runtime error | R41: Runtime error | S41: Runtime error | T41: Runtime error | U41: Runtime error | V41: Runtime error | W41: Runtime error | X41: Runtime error | Y41: Runtime error | Z41: Runtime error | AA41: Runtime error | AB41: Runtime error | AO41: AttributeError | AP41: AttributeError: 'DAGOpNode' object has no attribute 'type' | AQ41: The LLM switched the loop to dag.op_nodes() to count every gate, but kept the buggy code's node.type check, and DAGOpNode no longer has a type attribute (AttributeError). Same code as both luna models; the other models passed. | AR41: AttributeError | AS41: AttributeError: 'DAGOpNode' object has no attribute 'type' | AT41: The LLM switched the loop to dag.op_nodes() to count every gate, but kept the buggy code's node.type check, and DAGOpNode no longer has a type attribute (AttributeError). Same code as both luna models; the other models passed. | AU41: AttributeError | AV41: AttributeError: 'DAGOpNode' object has no attribute 'type' | AW41: The LLM switched the loop to dag.op_nodes() to count every gate, but kept the buggy code's node.type check, and DAGOpNode no longer has a type attribute (AttributeError). Same code as both luna models; the other models passed. | AX41: AttributeError | AY41: AttributeError: 'DAGOpNode' object has no attribute 'type' | AZ41: The LLM switched the loop to dag.op_nodes() to count every gate, but kept the buggy code's node.type check, and DAGOpNode no longer has a type attribute (AttributeError). Same code as both luna models; the other models passed. | BA41: AttributeError | BB41: AttributeError: 'DAGOpNode' object has no attribute 'type' | BC41: The LLM switched the loop to dag.op_nodes() to count every gate, but kept the buggy code's node.type check, and DAGOpNode no longer has a type attribute (AttributeError). Same code as both luna models; the other models passed. | BD41: AttributeError | BE41: AttributeError: 'DAGOpNode' object has no attribute 'type' | BF41: The LLM switched the loop to dag.op_nodes() to count every gate, but kept the buggy code's node.type check, and DAGOpNode no longer has a type attribute (AttributeError). Same code as both luna models; the other models passed. | BG41: AttributeError | BH41: AttributeError: 'DAGOpNode' object has no attribute 'type' | BI41: The LLM switched the loop to dag.op_nodes() to count every gate, but kept the buggy code's node.type check, and DAGOpNode no longer has a type attribute (AttributeError). Same code as both luna models; the other models passed. | BJ41: AttributeError | BK41: AttributeError: 'DAGOpNode' object has no attribute 'type' | BL41: The LLM switched the loop to dag.op_nodes() to count every gate, but kept the buggy code's node.type check, and DAGOpNode no longer has a type attribute (AttributeError). Same code as both luna models; the other models passed. | BM41: AttributeError | BN41: AttributeError: 'DAGOpNode' object has no attribute 'type' | BO41: The LLM switched the loop to dag.op_nodes() to count every gate, but kept the buggy code's node.type check, and DAGOpNode no longer has a type attribute (AttributeError). Same code as both luna models; the other models passed. | BP41: AttributeError | BQ41: AttributeError: 'DAGOpNode' object has no attribute 'type' | BR41: The LLM switched the loop to dag.op_nodes() to count every gate, but kept the buggy code's node.type check, and DAGOpNode no longer has a type attribute (AttributeError). Same code as both luna models; the other models passed. | BS41: AttributeError | BT41: AttributeError: 'DAGOpNode' object has no attribute 'type' | BU41: The LLM switched the loop to dag.op_nodes() to count every gate, but kept the buggy code's node.type check, and DAGOpNode no longer has a type attribute (AttributeError). Same code as both luna models; the other models passed. | BV41: AttributeError | BW41: AttributeError: 'DAGOpNode' object has no attribute 'type' | BX41: The LLM switched the loop to dag.op_nodes() to count every gate, but kept the buggy code's node.type check, and DAGOpNode no longer has a type attribute (AttributeError). Same code as both luna models; the other models passed. | BY41: AttributeError | BZ41: AttributeError: 'DAGOpNode' object has no attribute 'type' | CA41: The LLM switched the loop to dag.op_nodes() to count every gate, but kept the buggy code's node.type check, and DAGOpNode no longer has a type attribute (AttributeError). Same code as both luna models; the other models passed. | CB41: AttributeError | CC41: AttributeError: 'DAGOpNode' object has no attribute 'type' | CD41: The LLM switched the loop to dag.op_nodes() to count every gate, but kept the buggy code's node.type check, and DAGOpNode no longer has a type attribute (AttributeError). Same code as both luna models; the other models passed. | CE41: AttributeError | CF41: AttributeError: 'qiskit._accelerate.circuit.DAGOpNode' object has no attribute 'type' | CG41: The LLM switched the loop to dag.op_nodes() to count every gate, but kept the buggy code's node.type check, and DAGOpNode no longer has a type attribute (AttributeError). Same code as both luna models; the other models passed. | CH41: AttributeError | CI41: AttributeError: 'qiskit._accelerate.circuit.DAGOpNode' object has no attribute 'type' | CJ41: The LLM switched the loop to dag.op_nodes() to count every gate, but kept the buggy code's node.type check, and DAGOpNode no longer has a type attribute (AttributeError). Same code as both luna models; the other models passed. | CK41: AttributeError | CL41: AttributeError: 'qiskit._accelerate.circuit.DAGOpNode' object has no attribute 'type' | CM41: The LLM switched the loop to dag.op_nodes() to count every gate, but kept the buggy code's node.type check, and DAGOpNode no longer has a type attribute (AttributeError). Same code as both luna models; the other models passed. | CN41: AttributeError | CO41: AttributeError: 'qiskit._accelerate.circuit.DAGOpNode' object has no attribute 'type' | CP41: The LLM switched the loop to dag.op_nodes() to count every gate, but kept the buggy code's node.type check, and DAGOpNode no longer has a type attribute (AttributeError). Same code as both luna models; the other models passed. | CQ41: AttributeError | CR41: AttributeError: 'qiskit._accelerate.circuit.DAGOpNode' object has no attribute 'type' | CS41: The LLM switched the loop to dag.op_nodes() to count every gate, but kept the buggy code's node.type check, and DAGOpNode no longer has a type attribute (AttributeError). Same code as both luna models; the other models passed. | CT41: AttributeError | CU41: AttributeError: 'qiskit._accelerate.circuit.DAGOpNode' object has no attribute 'type' | CV41: The LLM switched the loop to dag.op_nodes() to count every gate, but kept the buggy code's node.type check, and DAGOpNode no longer has a type attribute (AttributeError). Same code as both luna models; the other models passed. | CW41: AttributeError | CX41: AttributeError: 'qiskit._accelerate.circuit.DAGOpNode' object has no attribute 'type' | CY41: The LLM switched the loop to dag.op_nodes() to count every gate, but kept the buggy code's node.type check, and DAGOpNode no longer has a type attribute (AttributeError). Same code as both luna models; the other models passed. | CZ41: AttributeError | DA41: AttributeError: 'qiskit._accelerate.circuit.DAGOpNode' object has no attribute 'type' | DB41: The LLM switched the loop to dag.op_nodes() to count every gate, but kept the buggy code's node.type check, and DAGOpNode no longer has a type attribute (AttributeError). Same code as both luna models; the other models passed. | DC41: AttributeError | DD41: AttributeError: 'qiskit._accelerate.circuit.DAGOpNode' object has no attribute 'type' | DE41: The LLM switched the loop to dag.op_nodes() to count every gate, but kept the buggy code's node.type check, and DAGOpNode no longer has a type attribute (AttributeError). Same code as both luna models; the other models passed.
A42: issue_663 | B42: NOT_TESTED | C42: NOT_TESTED | D42: NOT_TESTED | E42: NOT_TESTED | F42: Passed on test | G42: Passed on test | H42: Passed on test | I42: Passed on test | J42: Passed on test | K42: Passed on test | L42: Passed on test | M42: Passed on test | N42: NOT_TESTED | O42: NOT_TESTED | P42: NOT_TESTED | Q42: NOT_TESTED | R42: NOT_TESTED | S42: NOT_TESTED | T42: NOT_TESTED | U42: NOT_TESTED | V42: NOT_TESTED | W42: NOT_TESTED | X42: NOT_TESTED | Y42: NOT_TESTED | Z42: NOT_TESTED | AA42: NOT_TESTED | AB42: NOT_TESTED
A43: issue_671 | B43: Passed on test | C43: Passed on test | D43: Passed on test | E43: Passed on test | F43: Passed on test | G43: Passed on test | H43: Passed on test | I43: Passed on test | J43: Passed on test | K43: Passed on test | L43: Passed on test | M43: Passed on test | N43: Passed on test | O43: Passed on test | P43: Passed on test | Q43: Passed on test | R43: Passed on test | S43: Passed on test | T43: Passed on test | U43: Passed on test | V43: Passed on test | W43: Passed on test | X43: Passed on test | Y43: Passed on test | Z43: Passed on test | AA43: Passed on test | AB43: Passed on test
A44: issue_727 | B44: Runtime error | C44: Runtime error | D44: Runtime error | E44: Runtime error | F44: Runtime error | G44: Runtime error | H44: Runtime error | I44: Runtime error | J44: Runtime error | K44: Runtime error | L44: Runtime error | M44: Runtime error | N44: NOT_TESTED | O44: NOT_TESTED | P44: NOT_TESTED | Q44: NOT_TESTED | R44: NOT_TESTED | S44: NOT_TESTED | T44: NOT_TESTED | U44: NOT_TESTED | V44: NOT_TESTED | W44: NOT_TESTED | X44: NOT_TESTED | Y44: NOT_TESTED | Z44: NOT_TESTED | AA44: NOT_TESTED | AB44: NOT_TESTED | AC44: TypeError | AD44: TypeError: unsupported operand type(s) for ** or pow(): 'int' and 'Parameter' | AE44: The LLM wrote NO BUG above its code block, saying ParameterExpression supports 2 ** k, and returned the code unchanged, but in these versions int ** Parameter raises TypeError ('unsupported operand type(s) for ** or pow()'). Every other model passed (the Claude models and gpt-6.1-sol / gpt-6-astra rewrote 2 ** k with exp()). | AF44: TypeError | AG44: TypeError: unsupported operand type(s) for ** or pow(): 'int' and 'Parameter' | AH44: The LLM wrote NO BUG above its code block, saying ParameterExpression supports 2 ** k, and returned the code unchanged, but in these versions int ** Parameter raises TypeError ('unsupported operand type(s) for ** or pow()'). Every other model passed (the Claude models and gpt-6.1-sol / gpt-6-astra rewrote 2 ** k with exp()). | AI44: TypeError | AJ44: TypeError: unsupported operand type(s) for ** or pow(): 'int' and 'Parameter' | AK44: The LLM wrote NO BUG above its code block, saying ParameterExpression supports 2 ** k, and returned the code unchanged, but in these versions int ** Parameter raises TypeError ('unsupported operand type(s) for ** or pow()'). Every other model passed (the Claude models and gpt-6.1-sol / gpt-6-astra rewrote 2 ** k with exp()). | AL44: TypeError | AM44: TypeError: unsupported operand type(s) for ** or pow(): 'int' and 'Parameter' | AN44: The LLM wrote NO BUG above its code block, saying ParameterExpression supports 2 ** k, and returned the code unchanged, but in these versions int ** Parameter raises TypeError ('unsupported operand type(s) for ** or pow()'). Every other model passed (the Claude models and gpt-6.1-sol / gpt-6-astra rewrote 2 ** k with exp()). | AO44: TypeError | AP44: TypeError: unsupported operand type(s) for ** or pow(): 'int' and 'Parameter' | AQ44: The LLM wrote NO BUG above its code block, saying ParameterExpression supports 2 ** k, and returned the code unchanged, but in these versions int ** Parameter raises TypeError ('unsupported operand type(s) for ** or pow()'). Every other model passed (the Claude models and gpt-6.1-sol / gpt-6-astra rewrote 2 ** k with exp()). | AR44: TypeError | AS44: TypeError: unsupported operand type(s) for ** or pow(): 'int' and 'Parameter' | AT44: The LLM wrote NO BUG above its code block, saying ParameterExpression supports 2 ** k, and returned the code unchanged, but in these versions int ** Parameter raises TypeError ('unsupported operand type(s) for ** or pow()'). Every other model passed (the Claude models and gpt-6.1-sol / gpt-6-astra rewrote 2 ** k with exp()). | AU44: TypeError | AV44: TypeError: unsupported operand type(s) for ** or pow(): 'int' and 'Parameter' | AW44: The LLM wrote NO BUG above its code block, saying ParameterExpression supports 2 ** k, and returned the code unchanged, but in these versions int ** Parameter raises TypeError ('unsupported operand type(s) for ** or pow()'). Every other model passed (the Claude models and gpt-6.1-sol / gpt-6-astra rewrote 2 ** k with exp()). | AX44: TypeError | AY44: TypeError: unsupported operand type(s) for ** or pow(): 'int' and 'Parameter' | AZ44: The LLM wrote NO BUG above its code block, saying ParameterExpression supports 2 ** k, and returned the code unchanged, but in these versions int ** Parameter raises TypeError ('unsupported operand type(s) for ** or pow()'). Every other model passed (the Claude models and gpt-6.1-sol / gpt-6-astra rewrote 2 ** k with exp()). | BA44: TypeError | BB44: TypeError: unsupported operand type(s) for ** or pow(): 'int' and 'Parameter' | BC44: The LLM wrote NO BUG above its code block, saying ParameterExpression supports 2 ** k, and returned the code unchanged, but in these versions int ** Parameter raises TypeError ('unsupported operand type(s) for ** or pow()'). Every other model passed (the Claude models and gpt-6.1-sol / gpt-6-astra rewrote 2 ** k with exp()). | BD44: TypeError | BE44: TypeError: unsupported operand type(s) for ** or pow(): 'int' and 'Parameter' | BF44: The LLM wrote NO BUG above its code block, saying ParameterExpression supports 2 ** k, and returned the code unchanged, but in these versions int ** Parameter raises TypeError ('unsupported operand type(s) for ** or pow()'). Every other model passed (the Claude models and gpt-6.1-sol / gpt-6-astra rewrote 2 ** k with exp()). | BG44: TypeError | BH44: TypeError: unsupported operand type(s) for ** or pow(): 'int' and 'Parameter' | BI44: The LLM wrote NO BUG above its code block, saying ParameterExpression supports 2 ** k, and returned the code unchanged, but in these versions int ** Parameter raises TypeError ('unsupported operand type(s) for ** or pow()'). Every other model passed (the Claude models and gpt-6.1-sol / gpt-6-astra rewrote 2 ** k with exp()). | BJ44: TypeError | BK44: TypeError: unsupported operand type(s) for ** or pow(): 'int' and 'Parameter' | BL44: The LLM wrote NO BUG above its code block, saying ParameterExpression supports 2 ** k, and returned the code unchanged, but in these versions int ** Parameter raises TypeError ('unsupported operand type(s) for ** or pow()'). Every other model passed (the Claude models and gpt-6.1-sol / gpt-6-astra rewrote 2 ** k with exp()).
A45: issue_742 | B45: NOT_TESTED | C45: NOT_TESTED | D45: NOT_TESTED | E45: NOT_TESTED | F45: NOT_TESTED | G45: NOT_TESTED | H45: NOT_TESTED | I45: NOT_TESTED | J45: NOT_TESTED | K45: NOT_TESTED | L45: NOT_TESTED | M45: NOT_TESTED | N45: NOT_TESTED | O45: NOT_TESTED | P45: NOT_TESTED | Q45: Passed on test | R45: Passed on test | S45: Passed on test | T45: Passed on test | U45: Passed on test | V45: Passed on test | W45: Passed on test | X45: Passed on test | Y45: Passed on test | Z45: Passed on test | AA45: Passed on test | AB45: Passed on test
A46: issue_747 | B46: NOT_TESTED | C46: NOT_TESTED | D46: NOT_TESTED | E46: NOT_TESTED | F46: Passed on test | G46: Passed on test | H46: Passed on test | I46: Passed on test | J46: Passed on test | K46: Passed on test | L46: Passed on test | M46: Passed on test | N46: NOT_TESTED | O46: NOT_TESTED | P46: NOT_TESTED | Q46: NOT_TESTED | R46: NOT_TESTED | S46: NOT_TESTED | T46: NOT_TESTED | U46: NOT_TESTED | V46: NOT_TESTED | W46: NOT_TESTED | X46: NOT_TESTED | Y46: NOT_TESTED | Z46: NOT_TESTED | AA46: NOT_TESTED | AB46: NOT_TESTED
A47: issue_750 | B47: NOT_TESTED | C47: NOT_TESTED | D47: NOT_TESTED | E47: NOT_TESTED | F47: Runtime error | G47: Runtime error | H47: Runtime error | I47: Runtime error | J47: Runtime error | K47: Runtime error | L47: Runtime error | M47: Runtime error | N47: Runtime error | O47: Runtime error | P47: Runtime error | Q47: Runtime error | R47: Runtime error | S47: Runtime error | T47: Runtime error | U47: Runtime error | V47: Runtime error | W47: Runtime error | X47: Runtime error | Y47: Runtime error | Z47: Runtime error | AA47: Runtime error | AB47: Runtime error | AO47: TypeError | AP47: TypeError: Pauli.__init__() got an unexpected keyword argument 'label' | AQ47: The LLM wrote NO BUG above its code block and returned the code unchanged, but Pauli(label=...) no longer exists (TypeError: Pauli.__init__() got an unexpected keyword argument 'label'). Same answer as claude-sonnet-5-5 and both luna models; claude-opus-5-5, gpt-6.1-sol and gpt-6-astra passed the label positionally and passed. | AR47: TypeError | AS47: TypeError: Pauli.__init__() got an unexpected keyword argument 'label' | AT47: The LLM wrote NO BUG above its code block and returned the code unchanged, but Pauli(label=...) no longer exists (TypeError: Pauli.__init__() got an unexpected keyword argument 'label'). Same answer as claude-sonnet-5-5 and both luna models; claude-opus-5-5, gpt-6.1-sol and gpt-6-astra passed the label positionally and passed. | AU47: TypeError | AV47: TypeError: Pauli.__init__() got an unexpected keyword argument 'label' | AW47: The LLM wrote NO BUG above its code block and returned the code unchanged, but Pauli(label=...) no longer exists (TypeError: Pauli.__init__() got an unexpected keyword argument 'label'). Same answer as claude-sonnet-5-5 and both luna models; claude-opus-5-5, gpt-6.1-sol and gpt-6-astra passed the label positionally and passed. | AX47: TypeError | AY47: TypeError: Pauli.__init__() got an unexpected keyword argument 'label' | AZ47: The LLM wrote NO BUG above its code block and returned the code unchanged, but Pauli(label=...) no longer exists (TypeError: Pauli.__init__() got an unexpected keyword argument 'label'). Same answer as claude-sonnet-5-5 and both luna models; claude-opus-5-5, gpt-6.1-sol and gpt-6-astra passed the label positionally and passed. | BA47: TypeError | BB47: TypeError: Pauli.__init__() got an unexpected keyword argument 'label' | BC47: The LLM wrote NO BUG above its code block and returned the code unchanged, but Pauli(label=...) no longer exists (TypeError: Pauli.__init__() got an unexpected keyword argument 'label'). Same answer as claude-sonnet-5-5 and both luna models; claude-opus-5-5, gpt-6.1-sol and gpt-6-astra passed the label positionally and passed. | BD47: TypeError | BE47: TypeError: Pauli.__init__() got an unexpected keyword argument 'label' | BF47: The LLM wrote NO BUG above its code block and returned the code unchanged, but Pauli(label=...) no longer exists (TypeError: Pauli.__init__() got an unexpected keyword argument 'label'). Same answer as claude-sonnet-5-5 and both luna models; claude-opus-5-5, gpt-6.1-sol and gpt-6-astra passed the label positionally and passed. | BG47: TypeError | BH47: TypeError: Pauli.__init__() got an unexpected keyword argument 'label' | BI47: The LLM wrote NO BUG above its code block and returned the code unchanged, but Pauli(label=...) no longer exists (TypeError: Pauli.__init__() got an unexpected keyword argument 'label'). Same answer as claude-sonnet-5-5 and both luna models; claude-opus-5-5, gpt-6.1-sol and gpt-6-astra passed the label positionally and passed. | BJ47: TypeError | BK47: TypeError: Pauli.__init__() got an unexpected keyword argument 'label' | BL47: The LLM wrote NO BUG above its code block and returned the code unchanged, but Pauli(label=...) no longer exists (TypeError: Pauli.__init__() got an unexpected keyword argument 'label'). Same answer as claude-sonnet-5-5 and both luna models; claude-opus-5-5, gpt-6.1-sol and gpt-6-astra passed the label positionally and passed. | BM47: TypeError | BN47: TypeError: Pauli.__init__() got an unexpected keyword argument 'label' | BO47: The LLM wrote NO BUG above its code block and returned the code unchanged, but Pauli(label=...) no longer exists (TypeError: Pauli.__init__() got an unexpected keyword argument 'label'). Same answer as claude-sonnet-5-5 and both luna models; claude-opus-5-5, gpt-6.1-sol and gpt-6-astra passed the label positionally and passed. | BP47: TypeError | BQ47: TypeError: Pauli.__init__() got an unexpected keyword argument 'label' | BR47: The LLM wrote NO BUG above its code block and returned the code unchanged, but Pauli(label=...) no longer exists (TypeError: Pauli.__init__() got an unexpected keyword argument 'label'). Same answer as claude-sonnet-5-5 and both luna models; claude-opus-5-5, gpt-6.1-sol and gpt-6-astra passed the label positionally and passed. | BS47: TypeError | BT47: TypeError: Pauli.__init__() got an unexpected keyword argument 'label' | BU47: The LLM wrote NO BUG above its code block and returned the code unchanged, but Pauli(label=...) no longer exists (TypeError: Pauli.__init__() got an unexpected keyword argument 'label'). Same answer as claude-sonnet-5-5 and both luna models; claude-opus-5-5, gpt-6.1-sol and gpt-6-astra passed the label positionally and passed. | BV47: TypeError | BW47: TypeError: Pauli.__init__() got an unexpected keyword argument 'label' | BX47: The LLM wrote NO BUG above its code block and returned the code unchanged, but Pauli(label=...) no longer exists (TypeError: Pauli.__init__() got an unexpected keyword argument 'label'). Same answer as claude-sonnet-5-5 and both luna models; claude-opus-5-5, gpt-6.1-sol and gpt-6-astra passed the label positionally and passed. | BY47: TypeError | BZ47: TypeError: Pauli.__init__() got an unexpected keyword argument 'label' | CA47: The LLM wrote NO BUG above its code block and returned the code unchanged, but Pauli(label=...) no longer exists (TypeError: Pauli.__init__() got an unexpected keyword argument 'label'). Same answer as claude-sonnet-5-5 and both luna models; claude-opus-5-5, gpt-6.1-sol and gpt-6-astra passed the label positionally and passed. | CB47: TypeError | CC47: TypeError: Pauli.__init__() got an unexpected keyword argument 'label' | CD47: The LLM wrote NO BUG above its code block and returned the code unchanged, but Pauli(label=...) no longer exists (TypeError: Pauli.__init__() got an unexpected keyword argument 'label'). Same answer as claude-sonnet-5-5 and both luna models; claude-opus-5-5, gpt-6.1-sol and gpt-6-astra passed the label positionally and passed. | CE47: TypeError | CF47: TypeError: Pauli.__init__() got an unexpected keyword argument 'label' | CG47: The LLM wrote NO BUG above its code block and returned the code unchanged, but Pauli(label=...) no longer exists (TypeError: Pauli.__init__() got an unexpected keyword argument 'label'). Same answer as claude-sonnet-5-5 and both luna models; claude-opus-5-5, gpt-6.1-sol and gpt-6-astra passed the label positionally and passed. | CH47: TypeError | CI47: TypeError: Pauli.__init__() got an unexpected keyword argument 'label' | CJ47: The LLM wrote NO BUG above its code block and returned the code unchanged, but Pauli(label=...) no longer exists (TypeError: Pauli.__init__() got an unexpected keyword argument 'label'). Same answer as claude-sonnet-5-5 and both luna models; claude-opus-5-5, gpt-6.1-sol and gpt-6-astra passed the label positionally and passed. | CK47: TypeError | CL47: TypeError: Pauli.__init__() got an unexpected keyword argument 'label' | CM47: The LLM wrote NO BUG above its code block and returned the code unchanged, but Pauli(label=...) no longer exists (TypeError: Pauli.__init__() got an unexpected keyword argument 'label'). Same answer as claude-sonnet-5-5 and both luna models; claude-opus-5-5, gpt-6.1-sol and gpt-6-astra passed the label positionally and passed. | CN47: TypeError | CO47: TypeError: Pauli.__init__() got an unexpected keyword argument 'label' | CP47: The LLM wrote NO BUG above its code block and returned the code unchanged, but Pauli(label=...) no longer exists (TypeError: Pauli.__init__() got an unexpected keyword argument 'label'). Same answer as claude-sonnet-5-5 and both luna models; claude-opus-5-5, gpt-6.1-sol and gpt-6-astra passed the label positionally and passed. | CQ47: TypeError | CR47: TypeError: Pauli.__init__() got an unexpected keyword argument 'label' | CS47: The LLM wrote NO BUG above its code block and returned the code unchanged, but Pauli(label=...) no longer exists (TypeError: Pauli.__init__() got an unexpected keyword argument 'label'). Same answer as claude-sonnet-5-5 and both luna models; claude-opus-5-5, gpt-6.1-sol and gpt-6-astra passed the label positionally and passed. | CT47: TypeError | CU47: TypeError: Pauli.__init__() got an unexpected keyword argument 'label' | CV47: The LLM wrote NO BUG above its code block and returned the code unchanged, but Pauli(label=...) no longer exists (TypeError: Pauli.__init__() got an unexpected keyword argument 'label'). Same answer as claude-sonnet-5-5 and both luna models; claude-opus-5-5, gpt-6.1-sol and gpt-6-astra passed the label positionally and passed. | CW47: TypeError | CX47: TypeError: Pauli.__init__() got an unexpected keyword argument 'label' | CY47: The LLM wrote NO BUG above its code block and returned the code unchanged, but Pauli(label=...) no longer exists (TypeError: Pauli.__init__() got an unexpected keyword argument 'label'). Same answer as claude-sonnet-5-5 and both luna models; claude-opus-5-5, gpt-6.1-sol and gpt-6-astra passed the label positionally and passed. | CZ47: TypeError | DA47: TypeError: Pauli.__init__() got an unexpected keyword argument 'label' | DB47: The LLM wrote NO BUG above its code block and returned the code unchanged, but Pauli(label=...) no longer exists (TypeError: Pauli.__init__() got an unexpected keyword argument 'label'). Same answer as claude-sonnet-5-5 and both luna models; claude-opus-5-5, gpt-6.1-sol and gpt-6-astra passed the label positionally and passed. | DC47: TypeError | DD47: TypeError: Pauli.__init__() got an unexpected keyword argument 'label' | DE47: The LLM wrote NO BUG above its code block and returned the code unchanged, but Pauli(label=...) no longer exists (TypeError: Pauli.__init__() got an unexpected keyword argument 'label'). Same answer as claude-sonnet-5-5 and both luna models; claude-opus-5-5, gpt-6.1-sol and gpt-6-astra passed the label positionally and passed.
A48: issue_769 | B48: NOT_TESTED | C48: NOT_TESTED | D48: NOT_TESTED | E48: NOT_TESTED | F48: NOT_TESTED | G48: NOT_TESTED | H48: NOT_TESTED | I48: NOT_TESTED | J48: NOT_TESTED | K48: NOT_TESTED | L48: NOT_TESTED | M48: NOT_TESTED | N48: Runtime error | O48: Runtime error | P48: Runtime error | Q48: Runtime error | R48: Runtime error | S48: Runtime error | T48: Runtime error | U48: Runtime error | V48: Runtime error | W48: Runtime error | X48: Runtime error | Y48: Runtime error | Z48: Runtime error | AA48: Runtime error | AB48: Runtime error | BM48: KeyError | BN48: KeyError: 'get_qiskit_gate' | BO48: The LLM imported UnitaryGate from its current location and compared the unitary with a fixed list of standard gates (I, X, Y, Z, H, S, T), printing the matching name, which answers the user's question for those gates, and the script runs; but the test calls the reference answer's function get_qiskit_gate() by name (KeyError). Over-specific test, and every model fails it. | BP48: KeyError | BQ48: KeyError: 'get_qiskit_gate' | BR48: The LLM imported UnitaryGate from its current location and compared the unitary with a fixed list of standard gates (I, X, Y, Z, H, S, T), printing the matching name, which answers the user's question for those gates, and the script runs; but the test calls the reference answer's function get_qiskit_gate() by name (KeyError). Over-specific test, and every model fails it. | BS48: KeyError | BT48: KeyError: 'get_qiskit_gate' | BU48: The LLM imported UnitaryGate from its current location and compared the unitary with a fixed list of standard gates (I, X, Y, Z, H, S, T), printing the matching name, which answers the user's question for those gates, and the script runs; but the test calls the reference answer's function get_qiskit_gate() by name (KeyError). Over-specific test, and every model fails it. | BV48: KeyError | BW48: KeyError: 'get_qiskit_gate' | BX48: The LLM imported UnitaryGate from its current location and compared the unitary with a fixed list of standard gates (I, X, Y, Z, H, S, T), printing the matching name, which answers the user's question for those gates, and the script runs; but the test calls the reference answer's function get_qiskit_gate() by name (KeyError). Over-specific test, and every model fails it. | BY48: KeyError | BZ48: KeyError: 'get_qiskit_gate' | CA48: The LLM imported UnitaryGate from its current location and compared the unitary with a fixed list of standard gates (I, X, Y, Z, H, S, T), printing the matching name, which answers the user's question for those gates, and the script runs; but the test calls the reference answer's function get_qiskit_gate() by name (KeyError). Over-specific test, and every model fails it. | CB48: KeyError | CC48: KeyError: 'get_qiskit_gate' | CD48: The LLM imported UnitaryGate from its current location and compared the unitary with a fixed list of standard gates (I, X, Y, Z, H, S, T), printing the matching name, which answers the user's question for those gates, and the script runs; but the test calls the reference answer's function get_qiskit_gate() by name (KeyError). Over-specific test, and every model fails it. | CE48: KeyError | CF48: KeyError: 'get_qiskit_gate' | CG48: The LLM imported UnitaryGate from its current location and compared the unitary with a fixed list of standard gates (I, X, Y, Z, H, S, T), printing the matching name, which answers the user's question for those gates, and the script runs; but the test calls the reference answer's function get_qiskit_gate() by name (KeyError). Over-specific test, and every model fails it. | CH48: KeyError | CI48: KeyError: 'get_qiskit_gate' | CJ48: The LLM imported UnitaryGate from its current location and compared the unitary with a fixed list of standard gates (I, X, Y, Z, H, S, T), printing the matching name, which answers the user's question for those gates, and the script runs; but the test calls the reference answer's function get_qiskit_gate() by name (KeyError). Over-specific test, and every model fails it. | CK48: KeyError | CL48: KeyError: 'get_qiskit_gate' | CM48: The LLM imported UnitaryGate from its current location and compared the unitary with a fixed list of standard gates (I, X, Y, Z, H, S, T), printing the matching name, which answers the user's question for those gates, and the script runs; but the test calls the reference answer's function get_qiskit_gate() by name (KeyError). Over-specific test, and every model fails it. | CN48: KeyError | CO48: KeyError: 'get_qiskit_gate' | CP48: The LLM imported UnitaryGate from its current location and compared the unitary with a fixed list of standard gates (I, X, Y, Z, H, S, T), printing the matching name, which answers the user's question for those gates, and the script runs; but the test calls the reference answer's function get_qiskit_gate() by name (KeyError). Over-specific test, and every model fails it. | CQ48: KeyError | CR48: KeyError: 'get_qiskit_gate' | CS48: The LLM imported UnitaryGate from its current location and compared the unitary with a fixed list of standard gates (I, X, Y, Z, H, S, T), printing the matching name, which answers the user's question for those gates, and the script runs; but the test calls the reference answer's function get_qiskit_gate() by name (KeyError). Over-specific test, and every model fails it. | CT48: KeyError | CU48: KeyError: 'get_qiskit_gate' | CV48: The LLM imported UnitaryGate from its current location and compared the unitary with a fixed list of standard gates (I, X, Y, Z, H, S, T), printing the matching name, which answers the user's question for those gates, and the script runs; but the test calls the reference answer's function get_qiskit_gate() by name (KeyError). Over-specific test, and every model fails it. | CW48: KeyError | CX48: KeyError: 'get_qiskit_gate' | CY48: The LLM imported UnitaryGate from its current location and compared the unitary with a fixed list of standard gates (I, X, Y, Z, H, S, T), printing the matching name, which answers the user's question for those gates, and the script runs; but the test calls the reference answer's function get_qiskit_gate() by name (KeyError). Over-specific test, and every model fails it. | CZ48: KeyError | DA48: KeyError: 'get_qiskit_gate' | DB48: The LLM imported UnitaryGate from its current location and compared the unitary with a fixed list of standard gates (I, X, Y, Z, H, S, T), printing the matching name, which answers the user's question for those gates, and the script runs; but the test calls the reference answer's function get_qiskit_gate() by name (KeyError). Over-specific test, and every model fails it. | DC48: KeyError | DD48: KeyError: 'get_qiskit_gate' | DE48: The LLM imported UnitaryGate from its current location and compared the unitary with a fixed list of standard gates (I, X, Y, Z, H, S, T), printing the matching name, which answers the user's question for those gates, and the script runs; but the test calls the reference answer's function get_qiskit_gate() by name (KeyError). Over-specific test, and every model fails it.
A49: issue_773 | B49: NOT_TESTED | C49: NOT_TESTED | D49: NOT_TESTED | E49: NOT_TESTED | F49: Passed on test | G49: Passed on test | H49: Passed on test | I49: Passed on test | J49: Passed on test | K49: Passed on test | L49: Passed on test | M49: Passed on test | N49: NOT_TESTED | O49: NOT_TESTED | P49: NOT_TESTED | Q49: NOT_TESTED | R49: NOT_TESTED | S49: NOT_TESTED | T49: NOT_TESTED | U49: NOT_TESTED | V49: NOT_TESTED | W49: NOT_TESTED | X49: NOT_TESTED | Y49: NOT_TESTED | Z49: NOT_TESTED | AA49: NOT_TESTED | AB49: NOT_TESTED
A50: issue_775 | B50: Passed on test | C50: Passed on test | D50: Passed on test | E50: Passed on test | F50: Passed on test | G50: Passed on test | H50: Passed on test | I50: Passed on test | J50: Passed on test | K50: Passed on test | L50: Passed on test | M50: Passed on test | N50: NOT_TESTED | O50: NOT_TESTED | P50: NOT_TESTED | Q50: NOT_TESTED | R50: NOT_TESTED | S50: NOT_TESTED | T50: NOT_TESTED | U50: NOT_TESTED | V50: NOT_TESTED | W50: NOT_TESTED | X50: NOT_TESTED | Y50: NOT_TESTED | Z50: NOT_TESTED | AA50: NOT_TESTED | AB50: NOT_TESTED
A51: issue_795 | B51: Passed on test | C51: Passed on test | D51: Passed on test | E51: Passed on test | F51: Passed on test | G51: Passed on test | H51: Passed on test | I51: Passed on test | J51: Passed on test | K51: Passed on test | L51: Passed on test | M51: Passed on test | N51: NOT_TESTED | O51: NOT_TESTED | P51: NOT_TESTED | Q51: NOT_TESTED | R51: NOT_TESTED | S51: NOT_TESTED | T51: NOT_TESTED | U51: NOT_TESTED | V51: NOT_TESTED | W51: NOT_TESTED | X51: NOT_TESTED | Y51: NOT_TESTED | Z51: NOT_TESTED | AA51: NOT_TESTED | AB51: NOT_TESTED
A52: issue_803 | B52: Failed on test | C52: Failed on test | D52: Failed on test | E52: Failed on test | F52: Runtime error | G52: Runtime error | H52: Runtime error | I52: Runtime error | J52: Runtime error | K52: Runtime error | L52: Runtime error | M52: Runtime error | N52: NOT_TESTED | O52: NOT_TESTED | P52: NOT_TESTED | Q52: NOT_TESTED | R52: NOT_TESTED | S52: NOT_TESTED | T52: NOT_TESTED | U52: NOT_TESTED | V52: NOT_TESTED | W52: NOT_TESTED | X52: NOT_TESTED | Y52: NOT_TESTED | Z52: NOT_TESTED | AA52: NOT_TESTED | AB52: NOT_TESTED | AC52: AssertionError | AD52: ValueError: The truth value of an array with more than one element is ambiguous. Use a.any() or a.all(); AssertionError: array([list([53, 47]), list([100]), list([100])], dtype=object) is not an instance of <class 'list'> | AE52: Error on 0.45.x / 0.46.x, failed on 0.25.x: the LLM turned the list of count dictionaries into a NumPy array of value lists, which loses the outcome keys; the test wants one counts dictionary per circuit, and newer NumPy refuses the ragged array (ValueError). Same code as claude-sonnet-5-5, gpt-6.1-sol and gpt-6-astra; every model fails this case. | AF52: AssertionError | AG52: ValueError: The truth value of an array with more than one element is ambiguous. Use a.any() or a.all(); AssertionError: array([list([58, 42]), list([100]), list([100])], dtype=object) is not an instance of <class 'list'> | AH52: Error on 0.45.x / 0.46.x, failed on 0.25.x: the LLM turned the list of count dictionaries into a NumPy array of value lists, which loses the outcome keys; the test wants one counts dictionary per circuit, and newer NumPy refuses the ragged array (ValueError). Same code as claude-sonnet-5-5, gpt-6.1-sol and gpt-6-astra; every model fails this case. | AI52: AssertionError | AJ52: ValueError: The truth value of an array with more than one element is ambiguous. Use a.any() or a.all(); AssertionError: array([list([54, 46]), list([100]), list([100])], dtype=object) is not an instance of <class 'list'> | AK52: Error on 0.45.x / 0.46.x, failed on 0.25.x: the LLM turned the list of count dictionaries into a NumPy array of value lists, which loses the outcome keys; the test wants one counts dictionary per circuit, and newer NumPy refuses the ragged array (ValueError). Same code as claude-sonnet-5-5, gpt-6.1-sol and gpt-6-astra; every model fails this case. | AL52: AssertionError | AM52: ValueError: The truth value of an array with more than one element is ambiguous. Use a.any() or a.all(); AssertionError: array([list([42, 58]), list([100]), list([100])], dtype=object) is not an instance of <class 'list'> | AN52: Error on 0.45.x / 0.46.x, failed on 0.25.x: the LLM turned the list of count dictionaries into a NumPy array of value lists, which loses the outcome keys; the test wants one counts dictionary per circuit, and newer NumPy refuses the ragged array (ValueError). Same code as claude-sonnet-5-5, gpt-6.1-sol and gpt-6-astra; every model fails this case. | AO52: ValueError | AP52: ValueError: The truth value of an array with more than one element is ambiguous. Use a.any() or a.all(); ValueError: setting an array element with a sequence. The requested array has an inhomogeneous shape after 1 dimensions. The detected shape was (3,) + inhomogeneous part. | AQ52: Error on 0.45.x / 0.46.x, failed on 0.25.x: the LLM turned the list of count dictionaries into a NumPy array of value lists, which loses the outcome keys; the test wants one counts dictionary per circuit, and newer NumPy refuses the ragged array (ValueError). Same code as claude-sonnet-5-5, gpt-6.1-sol and gpt-6-astra; every model fails this case. | AR52: ValueError | AS52: ValueError: The truth value of an array with more than one element is ambiguous. Use a.any() or a.all(); ValueError: setting an array element with a sequence. The requested array has an inhomogeneous shape after 1 dimensions. The detected shape was (3,) + inhomogeneous part. | AT52: Error on 0.45.x / 0.46.x, failed on 0.25.x: the LLM turned the list of count dictionaries into a NumPy array of value lists, which loses the outcome keys; the test wants one counts dictionary per circuit, and newer NumPy refuses the ragged array (ValueError). Same code as claude-sonnet-5-5, gpt-6.1-sol and gpt-6-astra; every model fails this case. | AU52: ValueError | AV52: ValueError: The truth value of an array with more than one element is ambiguous. Use a.any() or a.all(); ValueError: setting an array element with a sequence. The requested array has an inhomogeneous shape after 1 dimensions. The detected shape was (3,) + inhomogeneous part. | AW52: Error on 0.45.x / 0.46.x, failed on 0.25.x: the LLM turned the list of count dictionaries into a NumPy array of value lists, which loses the outcome keys; the test wants one counts dictionary per circuit, and newer NumPy refuses the ragged array (ValueError). Same code as claude-sonnet-5-5, gpt-6.1-sol and gpt-6-astra; every model fails this case. | AX52: ValueError | AY52: ValueError: The truth value of an array with more than one element is ambiguous. Use a.any() or a.all(); ValueError: setting an array element with a sequence. The requested array has an inhomogeneous shape after 1 dimensions. The detected shape was (3,) + inhomogeneous part. | AZ52: Error on 0.45.x / 0.46.x, failed on 0.25.x: the LLM turned the list of count dictionaries into a NumPy array of value lists, which loses the outcome keys; the test wants one counts dictionary per circuit, and newer NumPy refuses the ragged array (ValueError). Same code as claude-sonnet-5-5, gpt-6.1-sol and gpt-6-astra; every model fails this case. | BA52: ValueError | BB52: ValueError: The truth value of an array with more than one element is ambiguous. Use a.any() or a.all(); ValueError: setting an array element with a sequence. The requested array has an inhomogeneous shape after 1 dimensions. The detected shape was (3,) + inhomogeneous part. | BC52: Error on 0.45.x / 0.46.x, failed on 0.25.x: the LLM turned the list of count dictionaries into a NumPy array of value lists, which loses the outcome keys; the test wants one counts dictionary per circuit, and newer NumPy refuses the ragged array (ValueError). Same code as claude-sonnet-5-5, gpt-6.1-sol and gpt-6-astra; every model fails this case. | BD52: ValueError | BE52: ValueError: The truth value of an array with more than one element is ambiguous. Use a.any() or a.all(); ValueError: setting an array element with a sequence. The requested array has an inhomogeneous shape after 1 dimensions. The detected shape was (3,) + inhomogeneous part. | BF52: Error on 0.45.x / 0.46.x, failed on 0.25.x: the LLM turned the list of count dictionaries into a NumPy array of value lists, which loses the outcome keys; the test wants one counts dictionary per circuit, and newer NumPy refuses the ragged array (ValueError). Same code as claude-sonnet-5-5, gpt-6.1-sol and gpt-6-astra; every model fails this case. | BG52: ValueError | BH52: ValueError: The truth value of an array with more than one element is ambiguous. Use a.any() or a.all(); ValueError: setting an array element with a sequence. The requested array has an inhomogeneous shape after 1 dimensions. The detected shape was (3,) + inhomogeneous part. | BI52: Error on 0.45.x / 0.46.x, failed on 0.25.x: the LLM turned the list of count dictionaries into a NumPy array of value lists, which loses the outcome keys; the test wants one counts dictionary per circuit, and newer NumPy refuses the ragged array (ValueError). Same code as claude-sonnet-5-5, gpt-6.1-sol and gpt-6-astra; every model fails this case. | BJ52: ValueError | BK52: ValueError: The truth value of an array with more than one element is ambiguous. Use a.any() or a.all(); ValueError: setting an array element with a sequence. The requested array has an inhomogeneous shape after 1 dimensions. The detected shape was (3,) + inhomogeneous part. | BL52: Error on 0.45.x / 0.46.x, failed on 0.25.x: the LLM turned the list of count dictionaries into a NumPy array of value lists, which loses the outcome keys; the test wants one counts dictionary per circuit, and newer NumPy refuses the ragged array (ValueError). Same code as claude-sonnet-5-5, gpt-6.1-sol and gpt-6-astra; every model fails this case.
A53: issue_810 | B53: NOT_TESTED | C53: NOT_TESTED | D53: NOT_TESTED | E53: NOT_TESTED | F53: NOT_TESTED | G53: Passed on test | H53: NOT_TESTED | I53: NOT_TESTED | J53: NOT_TESTED | K53: NOT_TESTED | L53: Passed on test | M53: NOT_TESTED | N53: NOT_TESTED | O53: NOT_TESTED | P53: NOT_TESTED | Q53: NOT_TESTED | R53: NOT_TESTED | S53: NOT_TESTED | T53: NOT_TESTED | U53: NOT_TESTED | V53: NOT_TESTED | W53: NOT_TESTED | X53: NOT_TESTED | Y53: NOT_TESTED | Z53: NOT_TESTED | AA53: NOT_TESTED | AB53: NOT_TESTED
A54: issue_816 | B54: NOT_TESTED | C54: NOT_TESTED | D54: NOT_TESTED | E54: NOT_TESTED | F54: Passed on test | G54: Passed on test | H54: Passed on test | I54: Passed on test | J54: Passed on test | K54: Passed on test | L54: Passed on test | M54: Passed on test | N54: Passed on test | O54: Passed on test | P54: Passed on test | Q54: Passed on test | R54: Passed on test | S54: Passed on test | T54: Passed on test | U54: Passed on test | V54: Passed on test | W54: Passed on test | X54: Passed on test | Y54: Passed on test | Z54: Passed on test | AA54: Passed on test | AB54: Passed on test
A55: issue_876 | B55: NOT_TESTED | C55: NOT_TESTED | D55: NOT_TESTED | E55: NOT_TESTED | F55: NOT_TESTED | G55: NOT_TESTED | H55: NOT_TESTED | I55: NOT_TESTED | J55: NOT_TESTED | K55: NOT_TESTED | L55: NOT_TESTED | M55: NOT_TESTED | N55: Runtime error | O55: Runtime error | P55: Runtime error | Q55: Runtime error | R55: Runtime error | S55: Runtime error | T55: Runtime error | U55: Runtime error | V55: Runtime error | W55: Runtime error | X55: Runtime error | Y55: Runtime error | Z55: Runtime error | AA55: Runtime error | AB55: Runtime error | BM55: QiskitError | BN55: qiskit.exceptions.QiskitError: 'ERROR: [Experiment 0] Insufficient memory to run circuit QFT using the statevector simulator. Required memory: 18446744073709551615M, max memory: 16024M , ERROR: Insufficient memory to run circuit QFT using the statevector simulator. Required memory: 18446744073709551615M, max memory: 16024M' | BO55: The LLM added save_statevector() to the transpiled circuit, but the circuit was transpiled for the 127-qubit FakeBrisbane, so Aer would need a 127-qubit statevector and refuses ('Insufficient memory to run circuit QFT'). It also ignores the noise the question is about, and the test reads the reference's variable rho_real. Same code as claude-sonnet-5-5; every model fails this case. | BP55: QiskitError | BQ55: qiskit.exceptions.QiskitError: 'ERROR: [Experiment 0] Insufficient memory to run circuit QFT using the statevector simulator. Required memory: 18446744073709551615M, max memory: 16024M , ERROR: Insufficient memory to run circuit QFT using the statevector simulator. Required memory: 18446744073709551615M, max memory: 16024M' | BR55: The LLM added save_statevector() to the transpiled circuit, but the circuit was transpiled for the 127-qubit FakeBrisbane, so Aer would need a 127-qubit statevector and refuses ('Insufficient memory to run circuit QFT'). It also ignores the noise the question is about, and the test reads the reference's variable rho_real. Same code as claude-sonnet-5-5; every model fails this case. | BS55: QiskitError | BT55: qiskit.exceptions.QiskitError: 'ERROR: [Experiment 0] Insufficient memory to run circuit QFT using the statevector simulator. Required memory: 18446744073709551615M, max memory: 16024M , ERROR: Insufficient memory to run circuit QFT using the statevector simulator. Required memory: 18446744073709551615M, max memory: 16024M' | BU55: The LLM added save_statevector() to the transpiled circuit, but the circuit was transpiled for the 127-qubit FakeBrisbane, so Aer would need a 127-qubit statevector and refuses ('Insufficient memory to run circuit QFT'). It also ignores the noise the question is about, and the test reads the reference's variable rho_real. Same code as claude-sonnet-5-5; every model fails this case. | BV55: QiskitError | BW55: qiskit.exceptions.QiskitError: 'ERROR: [Experiment 0] Insufficient memory to run circuit QFT using the statevector simulator. Required memory: 18446744073709551615M, max memory: 16024M , ERROR: Insufficient memory to run circuit QFT using the statevector simulator. Required memory: 18446744073709551615M, max memory: 16024M' | BX55: The LLM added save_statevector() to the transpiled circuit, but the circuit was transpiled for the 127-qubit FakeBrisbane, so Aer would need a 127-qubit statevector and refuses ('Insufficient memory to run circuit QFT'). It also ignores the noise the question is about, and the test reads the reference's variable rho_real. Same code as claude-sonnet-5-5; every model fails this case. | BY55: QiskitError | BZ55: qiskit.exceptions.QiskitError: 'ERROR: [Experiment 0] Insufficient memory to run circuit QFT using the statevector simulator. Required memory: 18446744073709551615M, max memory: 16024M , ERROR: Insufficient memory to run circuit QFT using the statevector simulator. Required memory: 18446744073709551615M, max memory: 16024M' | CA55: The LLM added save_statevector() to the transpiled circuit, but the circuit was transpiled for the 127-qubit FakeBrisbane, so Aer would need a 127-qubit statevector and refuses ('Insufficient memory to run circuit QFT'). It also ignores the noise the question is about, and the test reads the reference's variable rho_real. Same code as claude-sonnet-5-5; every model fails this case. | CB55: QiskitError | CC55: qiskit.exceptions.QiskitError: 'ERROR: [Experiment 0] Insufficient memory to run circuit QFT using the statevector simulator. Required memory: 18446744073709551615M, max memory: 16024M , ERROR: Insufficient memory to run circuit QFT using the statevector simulator. Required memory: 18446744073709551615M, max memory: 16024M' | CD55: The LLM added save_statevector() to the transpiled circuit, but the circuit was transpiled for the 127-qubit FakeBrisbane, so Aer would need a 127-qubit statevector and refuses ('Insufficient memory to run circuit QFT'). It also ignores the noise the question is about, and the test reads the reference's variable rho_real. Same code as claude-sonnet-5-5; every model fails this case. | CE55: QiskitError | CF55: qiskit.exceptions.QiskitError: 'ERROR: [Experiment 0] Insufficient memory to run circuit QFT using the statevector simulator. Required memory: 18446744073709551615M, max memory: 16024M , ERROR: Insufficient memory to run circuit QFT using the statevector simulator. Required memory: 18446744073709551615M, max memory: 16024M' | CG55: The LLM added save_statevector() to the transpiled circuit, but the circuit was transpiled for the 127-qubit FakeBrisbane, so Aer would need a 127-qubit statevector and refuses ('Insufficient memory to run circuit QFT'). It also ignores the noise the question is about, and the test reads the reference's variable rho_real. Same code as claude-sonnet-5-5; every model fails this case. | CH55: QiskitError | CI55: qiskit.exceptions.QiskitError: 'ERROR: [Experiment 0] Insufficient memory to run circuit QFT using the statevector simulator. Required memory: 18446744073709551615M, max memory: 16024M , ERROR: Insufficient memory to run circuit QFT using the statevector simulator. Required memory: 18446744073709551615M, max memory: 16024M' | CJ55: The LLM added save_statevector() to the transpiled circuit, but the circuit was transpiled for the 127-qubit FakeBrisbane, so Aer would need a 127-qubit statevector and refuses ('Insufficient memory to run circuit QFT'). It also ignores the noise the question is about, and the test reads the reference's variable rho_real. Same code as claude-sonnet-5-5; every model fails this case. | CK55: QiskitError | CL55: qiskit.exceptions.QiskitError: 'ERROR: [Experiment 0] Insufficient memory to run circuit QFT using the statevector simulator. Required memory: 18446744073709551615M, max memory: 16024M , ERROR: Insufficient memory to run circuit QFT using the statevector simulator. Required memory: 18446744073709551615M, max memory: 16024M' | CM55: The LLM added save_statevector() to the transpiled circuit, but the circuit was transpiled for the 127-qubit FakeBrisbane, so Aer would need a 127-qubit statevector and refuses ('Insufficient memory to run circuit QFT'). It also ignores the noise the question is about, and the test reads the reference's variable rho_real. Same code as claude-sonnet-5-5; every model fails this case. | CN55: QiskitError | CO55: qiskit.exceptions.QiskitError: 'ERROR: [Experiment 0] Insufficient memory to run circuit QFT using the statevector simulator. Required memory: 18446744073709551615M, max memory: 16024M , ERROR: Insufficient memory to run circuit QFT using the statevector simulator. Required memory: 18446744073709551615M, max memory: 16024M' | CP55: The LLM added save_statevector() to the transpiled circuit, but the circuit was transpiled for the 127-qubit FakeBrisbane, so Aer would need a 127-qubit statevector and refuses ('Insufficient memory to run circuit QFT'). It also ignores the noise the question is about, and the test reads the reference's variable rho_real. Same code as claude-sonnet-5-5; every model fails this case. | CQ55: QiskitError | CR55: qiskit.exceptions.QiskitError: 'ERROR: [Experiment 0] Insufficient memory to run circuit QFT using the statevector simulator. Required memory: 18446744073709551615M, max memory: 16024M , ERROR: Insufficient memory to run circuit QFT using the statevector simulator. Required memory: 18446744073709551615M, max memory: 16024M' | CS55: The LLM added save_statevector() to the transpiled circuit, but the circuit was transpiled for the 127-qubit FakeBrisbane, so Aer would need a 127-qubit statevector and refuses ('Insufficient memory to run circuit QFT'). It also ignores the noise the question is about, and the test reads the reference's variable rho_real. Same code as claude-sonnet-5-5; every model fails this case. | CT55: QiskitError | CU55: qiskit.exceptions.QiskitError: 'ERROR: [Experiment 0] Insufficient memory to run circuit QFT using the statevector simulator. Required memory: 18446744073709551615M, max memory: 16024M , ERROR: Insufficient memory to run circuit QFT using the statevector simulator. Required memory: 18446744073709551615M, max memory: 16024M' | CV55: The LLM added save_statevector() to the transpiled circuit, but the circuit was transpiled for the 127-qubit FakeBrisbane, so Aer would need a 127-qubit statevector and refuses ('Insufficient memory to run circuit QFT'). It also ignores the noise the question is about, and the test reads the reference's variable rho_real. Same code as claude-sonnet-5-5; every model fails this case. | CW55: QiskitError | CX55: qiskit.exceptions.QiskitError: 'ERROR: [Experiment 0] Insufficient memory to run circuit QFT using the statevector simulator. Required memory: 18446744073709551615M, max memory: 16024M , ERROR: Insufficient memory to run circuit QFT using the statevector simulator. Required memory: 18446744073709551615M, max memory: 16024M' | CY55: The LLM added save_statevector() to the transpiled circuit, but the circuit was transpiled for the 127-qubit FakeBrisbane, so Aer would need a 127-qubit statevector and refuses ('Insufficient memory to run circuit QFT'). It also ignores the noise the question is about, and the test reads the reference's variable rho_real. Same code as claude-sonnet-5-5; every model fails this case. | CZ55: QiskitError | DA55: qiskit.exceptions.QiskitError: 'ERROR: [Experiment 0] Insufficient memory to run circuit QFT using the statevector simulator. Required memory: 18446744073709551615M, max memory: 16024M , ERROR: Insufficient memory to run circuit QFT using the statevector simulator. Required memory: 18446744073709551615M, max memory: 16024M' | DB55: The LLM added save_statevector() to the transpiled circuit, but the circuit was transpiled for the 127-qubit FakeBrisbane, so Aer would need a 127-qubit statevector and refuses ('Insufficient memory to run circuit QFT'). It also ignores the noise the question is about, and the test reads the reference's variable rho_real. Same code as claude-sonnet-5-5; every model fails this case. | DC55: QiskitError | DD55: qiskit.exceptions.QiskitError: 'ERROR: [Experiment 0] Insufficient memory to run circuit QFT using the statevector simulator. Required memory: 18446744073709551615M, max memory: 16024M , ERROR: Insufficient memory to run circuit QFT using the statevector simulator. Required memory: 18446744073709551615M, max memory: 16024M' | DE55: The LLM added save_statevector() to the transpiled circuit, but the circuit was transpiled for the 127-qubit FakeBrisbane, so Aer would need a 127-qubit statevector and refuses ('Insufficient memory to run circuit QFT'). It also ignores the noise the question is about, and the test reads the reference's variable rho_real. Same code as claude-sonnet-5-5; every model fails this case.
A56: issue_877 | B56: NOT_TESTED | C56: NOT_TESTED | D56: NOT_TESTED | E56: NOT_TESTED | F56: Runtime error | G56: Runtime error | H56: Runtime error | I56: Runtime error | J56: Runtime error | K56: Runtime error | L56: Runtime error | M56: Runtime error | N56: NOT_TESTED | O56: NOT_TESTED | P56: NOT_TESTED | Q56: NOT_TESTED | R56: NOT_TESTED | S56: NOT_TESTED | T56: NOT_TESTED | U56: NOT_TESTED | V56: NOT_TESTED | W56: NOT_TESTED | X56: NOT_TESTED | Y56: NOT_TESTED | Z56: NOT_TESTED | AA56: NOT_TESTED | AB56: NOT_TESTED | AO56: ModuleNotFoundError | AP56: ModuleNotFoundError: No module named 'qiskit_ibm_runtime' | AQ56: The LLM defined the missing backend as FakeWashingtonV2 from qiskit_ibm_runtime.fake_provider, but qiskit_ibm_runtime isn't installed for Qiskit 0.45 / 0.46 (ModuleNotFoundError). gpt-6-astra, claude-opus-5-5 and claude-sonnet-5-5 crashed the same way; gpt-6-luna's bundled FakeMontreal passed. | AR56: ModuleNotFoundError | AS56: ModuleNotFoundError: No module named 'qiskit_ibm_runtime' | AT56: The LLM defined the missing backend as FakeWashingtonV2 from qiskit_ibm_runtime.fake_provider, but qiskit_ibm_runtime isn't installed for Qiskit 0.45 / 0.46 (ModuleNotFoundError). gpt-6-astra, claude-opus-5-5 and claude-sonnet-5-5 crashed the same way; gpt-6-luna's bundled FakeMontreal passed. | AU56: ModuleNotFoundError | AV56: ModuleNotFoundError: No module named 'qiskit_ibm_runtime' | AW56: The LLM defined the missing backend as FakeWashingtonV2 from qiskit_ibm_runtime.fake_provider, but qiskit_ibm_runtime isn't installed for Qiskit 0.45 / 0.46 (ModuleNotFoundError). gpt-6-astra, claude-opus-5-5 and claude-sonnet-5-5 crashed the same way; gpt-6-luna's bundled FakeMontreal passed. | AX56: ModuleNotFoundError | AY56: ModuleNotFoundError: No module named 'qiskit_ibm_runtime' | AZ56: The LLM defined the missing backend as FakeWashingtonV2 from qiskit_ibm_runtime.fake_provider, but qiskit_ibm_runtime isn't installed for Qiskit 0.45 / 0.46 (ModuleNotFoundError). gpt-6-astra, claude-opus-5-5 and claude-sonnet-5-5 crashed the same way; gpt-6-luna's bundled FakeMontreal passed. | BA56: ModuleNotFoundError | BB56: ModuleNotFoundError: No module named 'qiskit_ibm_runtime' | BC56: The LLM defined the missing backend as FakeWashingtonV2 from qiskit_ibm_runtime.fake_provider, but qiskit_ibm_runtime isn't installed for Qiskit 0.45 / 0.46 (ModuleNotFoundError). gpt-6-astra, claude-opus-5-5 and claude-sonnet-5-5 crashed the same way; gpt-6-luna's bundled FakeMontreal passed. | BD56: ModuleNotFoundError | BE56: ModuleNotFoundError: No module named 'qiskit_ibm_runtime' | BF56: The LLM defined the missing backend as FakeWashingtonV2 from qiskit_ibm_runtime.fake_provider, but qiskit_ibm_runtime isn't installed for Qiskit 0.45 / 0.46 (ModuleNotFoundError). gpt-6-astra, claude-opus-5-5 and claude-sonnet-5-5 crashed the same way; gpt-6-luna's bundled FakeMontreal passed. | BG56: ModuleNotFoundError | BH56: ModuleNotFoundError: No module named 'qiskit_ibm_runtime' | BI56: The LLM defined the missing backend as FakeWashingtonV2 from qiskit_ibm_runtime.fake_provider, but qiskit_ibm_runtime isn't installed for Qiskit 0.45 / 0.46 (ModuleNotFoundError). gpt-6-astra, claude-opus-5-5 and claude-sonnet-5-5 crashed the same way; gpt-6-luna's bundled FakeMontreal passed. | BJ56: ModuleNotFoundError | BK56: ModuleNotFoundError: No module named 'qiskit_ibm_runtime' | BL56: The LLM defined the missing backend as FakeWashingtonV2 from qiskit_ibm_runtime.fake_provider, but qiskit_ibm_runtime isn't installed for Qiskit 0.45 / 0.46 (ModuleNotFoundError). gpt-6-astra, claude-opus-5-5 and claude-sonnet-5-5 crashed the same way; gpt-6-luna's bundled FakeMontreal passed.
A57: issue_886 | B57: NOT_TESTED | C57: NOT_TESTED | D57: NOT_TESTED | E57: NOT_TESTED | F57: Passed on test | G57: Passed on test | H57: NOT_TESTED | I57: NOT_TESTED | J57: NOT_TESTED | K57: NOT_TESTED | L57: NOT_TESTED | M57: NOT_TESTED | N57: NOT_TESTED | O57: NOT_TESTED | P57: NOT_TESTED | Q57: NOT_TESTED | R57: NOT_TESTED | S57: NOT_TESTED | T57: NOT_TESTED | U57: NOT_TESTED | V57: NOT_TESTED | W57: NOT_TESTED | X57: NOT_TESTED | Y57: NOT_TESTED | Z57: NOT_TESTED | AA57: NOT_TESTED | AB57: NOT_TESTED
A58: issue_889 | B58: Runtime error | C58: Runtime error | D58: Runtime error | E58: Runtime error | F58: Failed on test | G58: Failed on test | H58: Failed on test | I58: Failed on test | J58: Failed on test | K58: Failed on test | L58: Failed on test | M58: Failed on test | N58: NOT_TESTED | O58: NOT_TESTED | P58: NOT_TESTED | Q58: NOT_TESTED | R58: NOT_TESTED | S58: NOT_TESTED | T58: NOT_TESTED | U58: NOT_TESTED | V58: NOT_TESTED | W58: NOT_TESTED | X58: NOT_TESTED | Y58: NOT_TESTED | Z58: NOT_TESTED | AA58: NOT_TESTED | AB58: NOT_TESTED | AC58: ImportError | AD58: ImportError: cannot import name 'PauliEvolutionGate' from 'qiskit.circuit.library' (C:\qiskit_envs\q0250\lib\site-packages\qiskit\circuit\library\__init__.py) | AE58: Error on 0.25.x, failed on 0.45.x / 0.46.x: the LLM changed the hopping term to (XX + YY) / 2 and appended PauliEvolutionGate(H.primitive, time=time_). PauliEvolutionGate doesn't exist in Qiskit 0.25 (ImportError), and on 0.45 / 0.46 the changed Hamiltonian, evolved with a single Lie-Trotter step, no longer matches the exact evolution of the Hamiltonian in the question. Every model fails this case. | AF58: ImportError | AG58: ImportError: cannot import name 'PauliEvolutionGate' from 'qiskit.circuit.library' (C:\qiskit_envs\q0251\lib\site-packages\qiskit\circuit\library\__init__.py) | AH58: Error on 0.25.x, failed on 0.45.x / 0.46.x: the LLM changed the hopping term to (XX + YY) / 2 and appended PauliEvolutionGate(H.primitive, time=time_). PauliEvolutionGate doesn't exist in Qiskit 0.25 (ImportError), and on 0.45 / 0.46 the changed Hamiltonian, evolved with a single Lie-Trotter step, no longer matches the exact evolution of the Hamiltonian in the question. Every model fails this case. | AI58: ImportError | AJ58: ImportError: cannot import name 'PauliEvolutionGate' from 'qiskit.circuit.library' (C:\qiskit_envs\q0252\lib\site-packages\qiskit\circuit\library\__init__.py) | AK58: Error on 0.25.x, failed on 0.45.x / 0.46.x: the LLM changed the hopping term to (XX + YY) / 2 and appended PauliEvolutionGate(H.primitive, time=time_). PauliEvolutionGate doesn't exist in Qiskit 0.25 (ImportError), and on 0.45 / 0.46 the changed Hamiltonian, evolved with a single Lie-Trotter step, no longer matches the exact evolution of the Hamiltonian in the question. Every model fails this case. | AL58: ImportError | AM58: ImportError: cannot import name 'PauliEvolutionGate' from 'qiskit.circuit.library' (C:\qiskit_envs\q0253\lib\site-packages\qiskit\circuit\library\__init__.py) | AN58: Error on 0.25.x, failed on 0.45.x / 0.46.x: the LLM changed the hopping term to (XX + YY) / 2 and appended PauliEvolutionGate(H.primitive, time=time_). PauliEvolutionGate doesn't exist in Qiskit 0.25 (ImportError), and on 0.45 / 0.46 the changed Hamiltonian, evolved with a single Lie-Trotter step, no longer matches the exact evolution of the Hamiltonian in the question. Every model fails this case. | AO58: AssertionError | AP58: AssertionError: | AQ58: Error on 0.25.x, failed on 0.45.x / 0.46.x: the LLM changed the hopping term to (XX + YY) / 2 and appended PauliEvolutionGate(H.primitive, time=time_). PauliEvolutionGate doesn't exist in Qiskit 0.25 (ImportError), and on 0.45 / 0.46 the changed Hamiltonian, evolved with a single Lie-Trotter step, no longer matches the exact evolution of the Hamiltonian in the question. Every model fails this case. | AR58: AssertionError | AS58: AssertionError: | AT58: Error on 0.25.x, failed on 0.45.x / 0.46.x: the LLM changed the hopping term to (XX + YY) / 2 and appended PauliEvolutionGate(H.primitive, time=time_). PauliEvolutionGate doesn't exist in Qiskit 0.25 (ImportError), and on 0.45 / 0.46 the changed Hamiltonian, evolved with a single Lie-Trotter step, no longer matches the exact evolution of the Hamiltonian in the question. Every model fails this case. | AU58: AssertionError | AV58: AssertionError: | AW58: Error on 0.25.x, failed on 0.45.x / 0.46.x: the LLM changed the hopping term to (XX + YY) / 2 and appended PauliEvolutionGate(H.primitive, time=time_). PauliEvolutionGate doesn't exist in Qiskit 0.25 (ImportError), and on 0.45 / 0.46 the changed Hamiltonian, evolved with a single Lie-Trotter step, no longer matches the exact evolution of the Hamiltonian in the question. Every model fails this case. | AX58: AssertionError | AY58: AssertionError: | AZ58: Error on 0.25.x, failed on 0.45.x / 0.46.x: the LLM changed the hopping term to (XX + YY) / 2 and appended PauliEvolutionGate(H.primitive, time=time_). PauliEvolutionGate doesn't exist in Qiskit 0.25 (ImportError), and on 0.45 / 0.46 the changed Hamiltonian, evolved with a single Lie-Trotter step, no longer matches the exact evolution of the Hamiltonian in the question. Every model fails this case. | BA58: AssertionError | BB58: AssertionError: | BC58: Error on 0.25.x, failed on 0.45.x / 0.46.x: the LLM changed the hopping term to (XX + YY) / 2 and appended PauliEvolutionGate(H.primitive, time=time_). PauliEvolutionGate doesn't exist in Qiskit 0.25 (ImportError), and on 0.45 / 0.46 the changed Hamiltonian, evolved with a single Lie-Trotter step, no longer matches the exact evolution of the Hamiltonian in the question. Every model fails this case. | BD58: AssertionError | BE58: AssertionError: | BF58: Error on 0.25.x, failed on 0.45.x / 0.46.x: the LLM changed the hopping term to (XX + YY) / 2 and appended PauliEvolutionGate(H.primitive, time=time_). PauliEvolutionGate doesn't exist in Qiskit 0.25 (ImportError), and on 0.45 / 0.46 the changed Hamiltonian, evolved with a single Lie-Trotter step, no longer matches the exact evolution of the Hamiltonian in the question. Every model fails this case. | BG58: AssertionError | BH58: AssertionError: | BI58: Error on 0.25.x, failed on 0.45.x / 0.46.x: the LLM changed the hopping term to (XX + YY) / 2 and appended PauliEvolutionGate(H.primitive, time=time_). PauliEvolutionGate doesn't exist in Qiskit 0.25 (ImportError), and on 0.45 / 0.46 the changed Hamiltonian, evolved with a single Lie-Trotter step, no longer matches the exact evolution of the Hamiltonian in the question. Every model fails this case. | BJ58: AssertionError | BK58: AssertionError: | BL58: Error on 0.25.x, failed on 0.45.x / 0.46.x: the LLM changed the hopping term to (XX + YY) / 2 and appended PauliEvolutionGate(H.primitive, time=time_). PauliEvolutionGate doesn't exist in Qiskit 0.25 (ImportError), and on 0.45 / 0.46 the changed Hamiltonian, evolved with a single Lie-Trotter step, no longer matches the exact evolution of the Hamiltonian in the question. Every model fails this case.
A59: issue_911 | B59: NOT_TESTED | C59: NOT_TESTED | D59: NOT_TESTED | E59: NOT_TESTED | F59: Runtime error | G59: Runtime error | H59: Runtime error | I59: Runtime error | J59: Runtime error | K59: Runtime error | L59: Runtime error | M59: Runtime error | N59: Runtime error | O59: Runtime error | P59: Runtime error | Q59: Runtime error | R59: Runtime error | S59: Runtime error | T59: Runtime error | U59: Runtime error | V59: Runtime error | W59: Runtime error | X59: Runtime error | Y59: Runtime error | Z59: Runtime error | AA59: Runtime error | AB59: Runtime error | AO59: IndexError | AP59: IndexError: list index out of range | AQ59: The LLM replaced the removed Qubit attributes with qc.find_bit(qargs[1]), but still reads qargs[1] for every instruction, so the first single-qubit gate raises IndexError: list index out of range. claude-sonnet-5-5 (looping over every qubit) and gpt-5.6-luna passed. | AR59: IndexError | AS59: IndexError: list index out of range | AT59: The LLM replaced the removed Qubit attributes with qc.find_bit(qargs[1]), but still reads qargs[1] for every instruction, so the first single-qubit gate raises IndexError: list index out of range. claude-sonnet-5-5 (looping over every qubit) and gpt-5.6-luna passed. | AU59: IndexError | AV59: IndexError: list index out of range | AW59: The LLM replaced the removed Qubit attributes with qc.find_bit(qargs[1]), but still reads qargs[1] for every instruction, so the first single-qubit gate raises IndexError: list index out of range. claude-sonnet-5-5 (looping over every qubit) and gpt-5.6-luna passed. | AX59: IndexError | AY59: IndexError: list index out of range | AZ59: The LLM replaced the removed Qubit attributes with qc.find_bit(qargs[1]), but still reads qargs[1] for every instruction, so the first single-qubit gate raises IndexError: list index out of range. claude-sonnet-5-5 (looping over every qubit) and gpt-5.6-luna passed. | BA59: IndexError | BB59: IndexError: list index out of range | BC59: The LLM replaced the removed Qubit attributes with qc.find_bit(qargs[1]), but still reads qargs[1] for every instruction, so the first single-qubit gate raises IndexError: list index out of range. claude-sonnet-5-5 (looping over every qubit) and gpt-5.6-luna passed. | BD59: IndexError | BE59: IndexError: list index out of range | BF59: The LLM replaced the removed Qubit attributes with qc.find_bit(qargs[1]), but still reads qargs[1] for every instruction, so the first single-qubit gate raises IndexError: list index out of range. claude-sonnet-5-5 (looping over every qubit) and gpt-5.6-luna passed. | BG59: IndexError | BH59: IndexError: list index out of range | BI59: The LLM replaced the removed Qubit attributes with qc.find_bit(qargs[1]), but still reads qargs[1] for every instruction, so the first single-qubit gate raises IndexError: list index out of range. claude-sonnet-5-5 (looping over every qubit) and gpt-5.6-luna passed. | BJ59: IndexError | BK59: IndexError: list index out of range | BL59: The LLM replaced the removed Qubit attributes with qc.find_bit(qargs[1]), but still reads qargs[1] for every instruction, so the first single-qubit gate raises IndexError: list index out of range. claude-sonnet-5-5 (looping over every qubit) and gpt-5.6-luna passed. | BM59: IndexError | BN59: IndexError: list index out of range | BO59: The LLM replaced the removed Qubit attributes with qc.find_bit(qargs[1]), but still reads qargs[1] for every instruction, so the first single-qubit gate raises IndexError: list index out of range. claude-sonnet-5-5 (looping over every qubit) and gpt-5.6-luna passed. | BP59: IndexError | BQ59: IndexError: list index out of range | BR59: The LLM replaced the removed Qubit attributes with qc.find_bit(qargs[1]), but still reads qargs[1] for every instruction, so the first single-qubit gate raises IndexError: list index out of range. claude-sonnet-5-5 (looping over every qubit) and gpt-5.6-luna passed. | BS59: IndexError | BT59: IndexError: list index out of range | BU59: The LLM replaced the removed Qubit attributes with qc.find_bit(qargs[1]), but still reads qargs[1] for every instruction, so the first single-qubit gate raises IndexError: list index out of range. claude-sonnet-5-5 (looping over every qubit) and gpt-5.6-luna passed. | BV59: IndexError | BW59: IndexError: list index out of range | BX59: The LLM replaced the removed Qubit attributes with qc.find_bit(qargs[1]), but still reads qargs[1] for every instruction, so the first single-qubit gate raises IndexError: list index out of range. claude-sonnet-5-5 (looping over every qubit) and gpt-5.6-luna passed. | BY59: IndexError | BZ59: IndexError: list index out of range | CA59: The LLM replaced the removed Qubit attributes with qc.find_bit(qargs[1]), but still reads qargs[1] for every instruction, so the first single-qubit gate raises IndexError: list index out of range. claude-sonnet-5-5 (looping over every qubit) and gpt-5.6-luna passed. | CB59: IndexError | CC59: IndexError: list index out of range | CD59: The LLM replaced the removed Qubit attributes with qc.find_bit(qargs[1]), but still reads qargs[1] for every instruction, so the first single-qubit gate raises IndexError: list index out of range. claude-sonnet-5-5 (looping over every qubit) and gpt-5.6-luna passed. | CE59: IndexError | CF59: IndexError: list index out of range | CG59: The LLM replaced the removed Qubit attributes with qc.find_bit(qargs[1]), but still reads qargs[1] for every instruction, so the first single-qubit gate raises IndexError: list index out of range. claude-sonnet-5-5 (looping over every qubit) and gpt-5.6-luna passed. | CH59: IndexError | CI59: IndexError: list index out of range | CJ59: The LLM replaced the removed Qubit attributes with qc.find_bit(qargs[1]), but still reads qargs[1] for every instruction, so the first single-qubit gate raises IndexError: list index out of range. claude-sonnet-5-5 (looping over every qubit) and gpt-5.6-luna passed. | CK59: IndexError | CL59: IndexError: list index out of range | CM59: The LLM replaced the removed Qubit attributes with qc.find_bit(qargs[1]), but still reads qargs[1] for every instruction, so the first single-qubit gate raises IndexError: list index out of range. claude-sonnet-5-5 (looping over every qubit) and gpt-5.6-luna passed. | CN59: IndexError | CO59: IndexError: list index out of range | CP59: The LLM replaced the removed Qubit attributes with qc.find_bit(qargs[1]), but still reads qargs[1] for every instruction, so the first single-qubit gate raises IndexError: list index out of range. claude-sonnet-5-5 (looping over every qubit) and gpt-5.6-luna passed. | CQ59: IndexError | CR59: IndexError: list index out of range | CS59: The LLM replaced the removed Qubit attributes with qc.find_bit(qargs[1]), but still reads qargs[1] for every instruction, so the first single-qubit gate raises IndexError: list index out of range. claude-sonnet-5-5 (looping over every qubit) and gpt-5.6-luna passed. | CT59: IndexError | CU59: IndexError: list index out of range | CV59: The LLM replaced the removed Qubit attributes with qc.find_bit(qargs[1]), but still reads qargs[1] for every instruction, so the first single-qubit gate raises IndexError: list index out of range. claude-sonnet-5-5 (looping over every qubit) and gpt-5.6-luna passed. | CW59: IndexError | CX59: IndexError: list index out of range | CY59: The LLM replaced the removed Qubit attributes with qc.find_bit(qargs[1]), but still reads qargs[1] for every instruction, so the first single-qubit gate raises IndexError: list index out of range. claude-sonnet-5-5 (looping over every qubit) and gpt-5.6-luna passed. | CZ59: IndexError | DA59: IndexError: list index out of range | DB59: The LLM replaced the removed Qubit attributes with qc.find_bit(qargs[1]), but still reads qargs[1] for every instruction, so the first single-qubit gate raises IndexError: list index out of range. claude-sonnet-5-5 (looping over every qubit) and gpt-5.6-luna passed. | DC59: IndexError | DD59: IndexError: list index out of range | DE59: The LLM replaced the removed Qubit attributes with qc.find_bit(qargs[1]), but still reads qargs[1] for every instruction, so the first single-qubit gate raises IndexError: list index out of range. claude-sonnet-5-5 (looping over every qubit) and gpt-5.6-luna passed.
A60: issue_925 | B60: Passed on test | C60: Passed on test | D60: Passed on test | E60: Passed on test | F60: NOT_TESTED | G60: NOT_TESTED | H60: NOT_TESTED | I60: NOT_TESTED | J60: NOT_TESTED | K60: NOT_TESTED | L60: NOT_TESTED | M60: NOT_TESTED | N60: NOT_TESTED | O60: NOT_TESTED | P60: NOT_TESTED | Q60: NOT_TESTED | R60: NOT_TESTED | S60: NOT_TESTED | T60: NOT_TESTED | U60: NOT_TESTED | V60: NOT_TESTED | W60: NOT_TESTED | X60: NOT_TESTED | Y60: NOT_TESTED | Z60: NOT_TESTED | AA60: NOT_TESTED | AB60: NOT_TESTED
A61: issue_944 | B61: Passed on test | C61: Passed on test | D61: Passed on test | E61: Passed on test | F61: Passed on test | G61: Passed on test | H61: Passed on test | I61: Passed on test | J61: Passed on test | K61: Passed on test | L61: Passed on test | M61: Passed on test | N61: NOT_TESTED | O61: NOT_TESTED | P61: NOT_TESTED | Q61: NOT_TESTED | R61: NOT_TESTED | S61: NOT_TESTED | T61: NOT_TESTED | U61: NOT_TESTED | V61: NOT_TESTED | W61: NOT_TESTED | X61: NOT_TESTED | Y61: NOT_TESTED | Z61: NOT_TESTED | AA61: NOT_TESTED | AB61: NOT_TESTED
