Workbook

Sheet Summary
A1: case_id | B1: 0.25.0 | C1: 0.25.1 | D1: 0.25.2 | E1: 0.25.3 | F1: 0.45.0 | G1: 0.45.1 | H1: 0.45.2 | I1: 0.45.3 | J1: 0.46.0 | K1: 0.46.1 | L1: 0.46.2 | M1: 0.46.3 | N1: 1.0.0 | O1: 1.0.1 | P1: 1.0.2 | Q1: 1.1.0 | R1: 1.1.1 | S1: 1.1.2 | T1: 1.2.0 | U1: 1.2.1 | V1: 1.2.2 | W1: 1.2.4 | X1: 2.0.0 | Y1: 2.2.0 | Z1: 2.3.0 | AA1: 2.4.0 | AB1: 2.5.0 | AC1: error_type_0.25.0 | AD1: error_message_0.25.0 | AE1: error_description_0.25.0 | AF1: error_type_0.25.1 | AG1: error_message_0.25.1 | AH1: error_description_0.25.1 | AI1: error_type_0.25.2 | AJ1: error_message_0.25.2 | AK1: error_description_0.25.2 | AL1: error_type_0.25.3 | AM1: error_message_0.25.3 | AN1: error_description_0.25.3 | AO1: error_type_0.45.0 | AP1: error_message_0.45.0 | AQ1: error_description_0.45.0 | AR1: error_type_0.45.1 | AS1: error_message_0.45.1 | AT1: error_description_0.45.1 | AU1: error_type_0.45.2 | AV1: error_message_0.45.2 | AW1: error_description_0.45.2 | AX1: error_type_0.45.3 | AY1: error_message_0.45.3 | AZ1: error_description_0.45.3 | BA1: error_type_0.46.0 | BB1: error_message_0.46.0 | BC1: error_description_0.46.0 | BD1: error_type_0.46.1 | BE1: error_message_0.46.1 | BF1: error_description_0.46.1 | BG1: error_type_0.46.2 | BH1: error_message_0.46.2 | BI1: error_description_0.46.2 | BJ1: error_type_0.46.3 | BK1: error_message_0.46.3 | BL1: error_description_0.46.3 | BM1: error_type_1.0.0 | BN1: error_message_1.0.0 | BO1: error_description_1.0.0 | BP1: error_type_1.0.1 | BQ1: error_message_1.0.1 | BR1: error_description_1.0.1 | BS1: error_type_1.0.2 | BT1: error_message_1.0.2 | BU1: error_description_1.0.2 | BV1: error_type_1.1.0 | BW1: error_message_1.1.0 | BX1: error_description_1.1.0 | BY1: error_type_1.1.1 | BZ1: error_message_1.1.1 | CA1: error_description_1.1.1 | CB1: error_type_1.1.2 | CC1: error_message_1.1.2 | CD1: error_description_1.1.2 | CE1: error_type_1.2.0 | CF1: error_message_1.2.0 | CG1: error_description_1.2.0 | CH1: error_type_1.2.1 | CI1: error_message_1.2.1 | CJ1: error_description_1.2.1 | CK1: error_type_1.2.2 | CL1: error_message_1.2.2 | CM1: error_description_1.2.2 | CN1: error_type_1.2.4 | CO1: error_message_1.2.4 | CP1: error_description_1.2.4 | CQ1: error_type_2.0.0 | CR1: error_message_2.0.0 | CS1: error_description_2.0.0 | CT1: error_type_2.2.0 | CU1: error_message_2.2.0 | CV1: error_description_2.2.0 | CW1: error_type_2.3.0 | CX1: error_message_2.3.0 | CY1: error_description_2.3.0 | CZ1: error_type_2.4.0 | DA1: error_message_2.4.0 | DB1: error_description_2.4.0 | DC1: error_type_2.5.0 | DD1: error_message_2.5.0 | DE1: error_description_2.5.0
A2: issue_009 | B2: NOT_TESTED | C2: NOT_TESTED | D2: NOT_TESTED | E2: NOT_TESTED | F2: Runtime error | G2: Runtime error | H2: Failed on test | I2: Failed on test | J2: Runtime error | K2: Runtime error | L2: Runtime error | M2: Runtime error | N2: NOT_TESTED | O2: NOT_TESTED | P2: NOT_TESTED | Q2: NOT_TESTED | R2: NOT_TESTED | S2: NOT_TESTED | T2: NOT_TESTED | U2: NOT_TESTED | V2: NOT_TESTED | W2: NOT_TESTED | X2: NOT_TESTED | Y2: NOT_TESTED | Z2: NOT_TESTED | AA2: NOT_TESTED | AB2: NOT_TESTED | AO2: TranspilerError | AP2: qiskit.transpiler.exceptions.TranspilerError: "The 'layout' must be full (with ancilla)." | AQ2: The LLM ran CSPLayout and ApplyLayout by hand in a PassManager but never added the passes that extend the 3-qubit layout to the backend's 5 qubits (FullAncillaAllocation / EnlargeWithAncilla), so ApplyLayout rejects the partial layout. | AR2: TranspilerError | AS2: qiskit.transpiler.exceptions.TranspilerError: "The 'layout' must be full (with ancilla)." | AT2: The LLM ran CSPLayout and ApplyLayout by hand in a PassManager but never added the passes that extend the 3-qubit layout to the backend's 5 qubits (FullAncillaAllocation / EnlargeWithAncilla), so ApplyLayout rejects the partial layout. | AU2: AssertionError | AV2: AssertionError: 3 != 5 | AW2: The LLM ran CSPLayout and ApplyLayout by hand but never extended the layout to the backend's 5 qubits; here CSPLayout happened to pick physical qubits 0-2, so ApplyLayout accepted it and returned a 3-qubit circuit instead of one compiled for the 5-qubit backend. | AX2: AssertionError | AY2: AssertionError: 3 != 5 | AZ2: The LLM ran CSPLayout and ApplyLayout by hand but never extended the layout to the backend's 5 qubits; here CSPLayout happened to pick physical qubits 0-2, so ApplyLayout accepted it and returned a 3-qubit circuit instead of one compiled for the 5-qubit backend. | BA2: TranspilerError | BB2: qiskit.transpiler.exceptions.TranspilerError: "The 'layout' must be full (with ancilla)." | BC2: The LLM ran CSPLayout and ApplyLayout by hand in a PassManager but never added the passes that extend the 3-qubit layout to the backend's 5 qubits (FullAncillaAllocation / EnlargeWithAncilla), so ApplyLayout rejects the partial layout. | BD2: TranspilerError | BE2: qiskit.transpiler.exceptions.TranspilerError: "The 'layout' must be full (with ancilla)." | BF2: The LLM ran CSPLayout and ApplyLayout by hand in a PassManager but never added the passes that extend the 3-qubit layout to the backend's 5 qubits (FullAncillaAllocation / EnlargeWithAncilla), so ApplyLayout rejects the partial layout. | BG2: TranspilerError | BH2: qiskit.transpiler.exceptions.TranspilerError: "The 'layout' must be full (with ancilla)." | BI2: The LLM ran CSPLayout and ApplyLayout by hand in a PassManager but never added the passes that extend the 3-qubit layout to the backend's 5 qubits (FullAncillaAllocation / EnlargeWithAncilla), so ApplyLayout rejects the partial layout. | BJ2: TranspilerError | BK2: qiskit.transpiler.exceptions.TranspilerError: "The 'layout' must be full (with ancilla)." | BL2: The LLM ran CSPLayout and ApplyLayout by hand in a PassManager but never added the passes that extend the 3-qubit layout to the backend's 5 qubits (FullAncillaAllocation / EnlargeWithAncilla), so ApplyLayout rejects the partial layout.
A3: issue_018_se | B3: NOT_TESTED | C3: NOT_TESTED | D3: NOT_TESTED | E3: NOT_TESTED | F3: NOT_TESTED | G3: NOT_TESTED | H3: NOT_TESTED | I3: NOT_TESTED | J3: NOT_TESTED | K3: NOT_TESTED | L3: NOT_TESTED | M3: NOT_TESTED | N3: Failed on test | O3: Failed on test | P3: Failed on test | Q3: Failed on test | R3: Failed on test | S3: Failed on test | T3: Failed on test | U3: Failed on test | V3: Failed on test | W3: Failed on test | X3: Failed on test | Y3: Failed on test | Z3: Failed on test | AA3: Failed on test | AB3: Failed on test | BM3: AssertionError | BN3: AssertionError: Not equal to tolerance rtol=0, atol=1e-12 The ideal magic-square strategy must win every input pair. Mismatched elements: 6 / 9 (66.7%) Max absolute difference: 0.5 Max relative difference: inf x: array([0. , 0.5, 0.5, 0.5, 0. , 0.5, | BO3: The LLM swapped which inputs choose Alice's and Bob's answers, so the strategy still loses 6 of the 9 input pairs half the time instead of always winning (the Aer simulator also crashes natively here, as it does for fixed.py). | BP3: AssertionError | BQ3: AssertionError: Not equal to tolerance rtol=0, atol=1e-12 The ideal magic-square strategy must win every input pair. Mismatched elements: 6 / 9 (66.7%) Max absolute difference: 0.5 Max relative difference: inf x: array([0. , 0.5, 0.5, 0.5, 0. , 0.5, | BR3: The LLM swapped which inputs choose Alice's and Bob's answers, so the strategy still loses 6 of the 9 input pairs half the time instead of always winning (the Aer simulator also crashes natively here, as it does for fixed.py). | BS3: AssertionError | BT3: AssertionError: Not equal to tolerance rtol=0, atol=1e-12 The ideal magic-square strategy must win every input pair. Mismatched elements: 6 / 9 (66.7%) Max absolute difference: 0.5 Max relative difference: inf x: array([0. , 0.5, 0.5, 0.5, 0. , 0.5, | BU3: The LLM swapped which inputs choose Alice's and Bob's answers, so the strategy still loses 6 of the 9 input pairs half the time instead of always winning (the Aer simulator also crashes natively here, as it does for fixed.py). | BV3: AssertionError | BW3: AssertionError: Not equal to tolerance rtol=0, atol=1e-12 The ideal magic-square strategy must win every input pair. Mismatched elements: 6 / 9 (66.7%) First 5 mismatches are at indices: [1]: 0.4999999999999999 (ACTUAL), 0.0 (DESIRED) [2]: 0.49999999 | BX3: The LLM swapped which inputs choose Alice's and Bob's answers, so the strategy still loses 6 of the 9 input pairs half the time instead of always winning (the Aer simulator also crashes natively here, as it does for fixed.py). | BY3: AssertionError | BZ3: AssertionError: Not equal to tolerance rtol=0, atol=1e-12 The ideal magic-square strategy must win every input pair. Mismatched elements: 6 / 9 (66.7%) First 5 mismatches are at indices: [1]: 0.4999999999999999 (ACTUAL), 0.0 (DESIRED) [2]: 0.49999999 | CA3: The LLM swapped which inputs choose Alice's and Bob's answers, so the strategy still loses 6 of the 9 input pairs half the time instead of always winning (the Aer simulator also crashes natively here, as it does for fixed.py). | CB3: AssertionError | CC3: AssertionError: Not equal to tolerance rtol=0, atol=1e-12 The ideal magic-square strategy must win every input pair. Mismatched elements: 6 / 9 (66.7%) First 5 mismatches are at indices: [1]: 0.4999999999999999 (ACTUAL), 0.0 (DESIRED) [2]: 0.49999999 | CD3: The LLM swapped which inputs choose Alice's and Bob's answers, so the strategy still loses 6 of the 9 input pairs half the time instead of always winning (the Aer simulator also crashes natively here, as it does for fixed.py). | CE3: AssertionError | CF3: AssertionError: Not equal to tolerance rtol=0, atol=1e-12 The ideal magic-square strategy must win every input pair. Mismatched elements: 6 / 9 (66.7%) First 5 mismatches are at indices: [1]: 0.4999999999999999 (ACTUAL), 0.0 (DESIRED) [2]: 0.49999999 | CG3: The LLM swapped which inputs choose Alice's and Bob's answers, so the strategy still loses 6 of the 9 input pairs half the time instead of always winning (the Aer simulator also crashes natively here, as it does for fixed.py). | CH3: AssertionError | CI3: AssertionError: Not equal to tolerance rtol=0, atol=1e-12 The ideal magic-square strategy must win every input pair. Mismatched elements: 6 / 9 (66.7%) First 5 mismatches are at indices: [1]: 0.4999999999999999 (ACTUAL), 0.0 (DESIRED) [2]: 0.49999999 | CJ3: The LLM swapped which inputs choose Alice's and Bob's answers, so the strategy still loses 6 of the 9 input pairs half the time instead of always winning (the Aer simulator also crashes natively here, as it does for fixed.py). | CK3: AssertionError | CL3: AssertionError: Not equal to tolerance rtol=0, atol=1e-12 The ideal magic-square strategy must win every input pair. Mismatched elements: 6 / 9 (66.7%) First 5 mismatches are at indices: [1]: 0.4999999999999999 (ACTUAL), 0.0 (DESIRED) [2]: 0.49999999 | CM3: The LLM swapped which inputs choose Alice's and Bob's answers, so the strategy still loses 6 of the 9 input pairs half the time instead of always winning (the Aer simulator also crashes natively here, as it does for fixed.py). | CN3: AssertionError | CO3: AssertionError: Not equal to tolerance rtol=0, atol=1e-12 The ideal magic-square strategy must win every input pair. Mismatched elements: 6 / 9 (66.7%) First 5 mismatches are at indices: [1]: 0.4999999999999999 (ACTUAL), 0.0 (DESIRED) [2]: 0.49999999 | CP3: The LLM swapped which inputs choose Alice's and Bob's answers, so the strategy still loses 6 of the 9 input pairs half the time instead of always winning (the Aer simulator also crashes natively here, as it does for fixed.py). | CQ3: AssertionError | CR3: AssertionError: Not equal to tolerance rtol=0, atol=1e-12 The ideal magic-square strategy must win every input pair. Mismatched elements: 6 / 9 (66.7%) First 5 mismatches are at indices: [1]: 0.4999999999999999 (ACTUAL), 0.0 (DESIRED) [2]: 0.49999999 | CS3: The LLM swapped which inputs choose Alice's and Bob's answers, so the strategy still loses 6 of the 9 input pairs half the time instead of always winning (the Aer simulator also crashes natively here, as it does for fixed.py). | CT3: AssertionError | CU3: AssertionError: Not equal to tolerance rtol=0, atol=1e-12 The ideal magic-square strategy must win every input pair. Mismatched elements: 6 / 9 (66.7%) First 5 mismatches are at indices: [1]: 0.4999999999999999 (ACTUAL), 0.0 (DESIRED) [2]: 0.49999999 | CV3: The LLM swapped which inputs choose Alice's and Bob's answers, so the strategy still loses 6 of the 9 input pairs half the time instead of always winning (the Aer simulator also crashes natively here, as it does for fixed.py). | CW3: AssertionError | CX3: AssertionError: Not equal to tolerance rtol=0, atol=1e-12 The ideal magic-square strategy must win every input pair. Mismatched elements: 6 / 9 (66.7%) First 5 mismatches are at indices: [1]: 0.4999999999999999 (ACTUAL), 0.0 (DESIRED) [2]: 0.49999999 | CY3: The LLM swapped which inputs choose Alice's and Bob's answers, so the strategy still loses 6 of the 9 input pairs half the time instead of always winning (the Aer simulator also crashes natively here, as it does for fixed.py). | CZ3: AssertionError | DA3: AssertionError: Not equal to tolerance rtol=0, atol=1e-12 The ideal magic-square strategy must win every input pair. Mismatched elements: 6 / 9 (66.7%) First 5 mismatches are at indices: [1]: 0.4999999999999999 (ACTUAL), 0.0 (DESIRED) [2]: 0.49999999 | DB3: The LLM swapped which inputs choose Alice's and Bob's answers, so the strategy still loses 6 of the 9 input pairs half the time instead of always winning (the Aer simulator also crashes natively here, as it does for fixed.py). | DC3: AssertionError | DD3: AssertionError: Not equal to tolerance rtol=0, atol=1e-12 The ideal magic-square strategy must win every input pair. Mismatched elements: 6 / 9 (66.7%) First 5 mismatches are at indices: [1]: 0.4999999999999999 (ACTUAL), 0.0 (DESIRED) [2]: 0.49999999 | DE3: The LLM swapped which inputs choose Alice's and Bob's answers, so the strategy still loses 6 of the 9 input pairs half the time instead of always winning (the Aer simulator also crashes natively here, as it does for fixed.py).
A4: issue_021_se | B4: Runtime error | C4: Runtime error | D4: Runtime error | E4: Runtime error | F4: Runtime error | G4: Runtime error | H4: Runtime error | I4: Runtime error | J4: Runtime error | K4: Runtime error | L4: Runtime error | M4: Runtime error | N4: NOT_TESTED | O4: NOT_TESTED | P4: NOT_TESTED | Q4: NOT_TESTED | R4: NOT_TESTED | S4: NOT_TESTED | T4: NOT_TESTED | U4: NOT_TESTED | V4: NOT_TESTED | W4: NOT_TESTED | X4: NOT_TESTED | Y4: NOT_TESTED | Z4: NOT_TESTED | AA4: NOT_TESTED | AB4: NOT_TESTED | AC4: QiskitError | AD4: qiskit.exceptions.QiskitError: 'ERROR: [Experiment 0] Circuit contains invalid instructions {"gates": {disentangler_dg}} for "statevector" method , ERROR: Circuit contains invalid instructions {"gates": {disentangler_dg}} for "statevector" method' | AE4: Calling circuit.decompose() only unrolls one level, leaving a 'disentangler_dg' instruction that the Aer statevector simulator cannot run, so the simulation fails. | AF4: QiskitError | AG4: qiskit.exceptions.QiskitError: 'ERROR: [Experiment 0] Circuit contains invalid instructions {"gates": {disentangler_dg}} for "statevector" method , ERROR: Circuit contains invalid instructions {"gates": {disentangler_dg}} for "statevector" method' | AH4: Calling circuit.decompose() only unrolls one level, leaving a 'disentangler_dg' instruction that the Aer statevector simulator cannot run, so the simulation fails. | AI4: QiskitError | AJ4: qiskit.exceptions.QiskitError: 'ERROR: [Experiment 0] Circuit contains invalid instructions {"gates": {disentangler_dg}} for "statevector" method , ERROR: Circuit contains invalid instructions {"gates": {disentangler_dg}} for "statevector" method' | AK4: Calling circuit.decompose() only unrolls one level, leaving a 'disentangler_dg' instruction that the Aer statevector simulator cannot run, so the simulation fails. | AL4: QiskitError | AM4: qiskit.exceptions.QiskitError: 'ERROR: [Experiment 0] Circuit contains invalid instructions {"gates": {disentangler_dg}} for "statevector" method , ERROR: Circuit contains invalid instructions {"gates": {disentangler_dg}} for "statevector" method' | AN4: Calling circuit.decompose() only unrolls one level, leaving a 'disentangler_dg' instruction that the Aer statevector simulator cannot run, so the simulation fails. | AO4: QiskitError | AP4: qiskit.exceptions.QiskitError: 'You have to select a circuit or schedule when there is more than one available' | AQ4: Calling circuit.decompose() only unrolls one level, leaving a 'state_preparation' instruction that Aer cannot load, so the simulation fails and no statevector is returned. | AR4: QiskitError | AS4: qiskit.exceptions.QiskitError: 'You have to select a circuit or schedule when there is more than one available' | AT4: Calling circuit.decompose() only unrolls one level, leaving a 'state_preparation' instruction that Aer cannot load, so the simulation fails and no statevector is returned. | AU4: QiskitError | AV4: qiskit.exceptions.QiskitError: 'You have to select a circuit or schedule when there is more than one available' | AW4: Calling circuit.decompose() only unrolls one level, leaving a 'state_preparation' instruction that Aer cannot load, so the simulation fails and no statevector is returned. | AX4: QiskitError | AY4: qiskit.exceptions.QiskitError: 'You have to select a circuit or schedule when there is more than one available' | AZ4: Calling circuit.decompose() only unrolls one level, leaving a 'state_preparation' instruction that Aer cannot load, so the simulation fails and no statevector is returned. | BA4: QiskitError | BB4: qiskit.exceptions.QiskitError: 'You have to select a circuit or schedule when there is more than one available' | BC4: Calling circuit.decompose() only unrolls one level, leaving a 'state_preparation' instruction that Aer cannot load, so the simulation fails and no statevector is returned. | BD4: QiskitError | BE4: qiskit.exceptions.QiskitError: 'You have to select a circuit or schedule when there is more than one available' | BF4: Calling circuit.decompose() only unrolls one level, leaving a 'state_preparation' instruction that Aer cannot load, so the simulation fails and no statevector is returned. | BG4: QiskitError | BH4: qiskit.exceptions.QiskitError: 'You have to select a circuit or schedule when there is more than one available' | BI4: Calling circuit.decompose() only unrolls one level, leaving a 'state_preparation' instruction that Aer cannot load, so the simulation fails and no statevector is returned. | BJ4: QiskitError | BK4: qiskit.exceptions.QiskitError: 'You have to select a circuit or schedule when there is more than one available' | BL4: Calling circuit.decompose() only unrolls one level, leaving a 'state_preparation' instruction that Aer cannot load, so the simulation fails and no statevector is returned.
A5: issue_032_se | B5: Passed on test | C5: Passed on test | D5: Passed on test | E5: Passed on test | F5: NOT_TESTED | G5: NOT_TESTED | H5: NOT_TESTED | I5: NOT_TESTED | J5: NOT_TESTED | K5: NOT_TESTED | L5: NOT_TESTED | M5: NOT_TESTED | N5: NOT_TESTED | O5: NOT_TESTED | P5: NOT_TESTED | Q5: NOT_TESTED | R5: NOT_TESTED | S5: NOT_TESTED | T5: NOT_TESTED | U5: NOT_TESTED | V5: NOT_TESTED | W5: NOT_TESTED | X5: NOT_TESTED | Y5: NOT_TESTED | Z5: NOT_TESTED | AA5: NOT_TESTED | AB5: NOT_TESTED
A6: issue_034 | B6: NOT_TESTED | C6: NOT_TESTED | D6: NOT_TESTED | E6: NOT_TESTED | F6: NOT_TESTED | G6: NOT_TESTED | H6: NOT_TESTED | I6: NOT_TESTED | J6: NOT_TESTED | K6: NOT_TESTED | L6: NOT_TESTED | M6: NOT_TESTED | N6: Passed on test | O6: Passed on test | P6: Passed on test | Q6: Passed on test | R6: Passed on test | S6: Passed on test | T6: Passed on test | U6: Passed on test | V6: Passed on test | W6: Passed on test | X6: Passed on test | Y6: Passed on test | Z6: Passed on test | AA6: Passed on test | AB6: Passed on test
A7: issue_036 | B7: NOT_TESTED | C7: NOT_TESTED | D7: NOT_TESTED | E7: NOT_TESTED | F7: NOT_TESTED | G7: NOT_TESTED | H7: NOT_TESTED | I7: NOT_TESTED | J7: NOT_TESTED | K7: NOT_TESTED | L7: NOT_TESTED | M7: NOT_TESTED | N7: Passed on test | O7: Passed on test | P7: Passed on test | Q7: Passed on test | R7: Passed on test | S7: Passed on test | T7: Passed on test | U7: Passed on test | V7: Passed on test | W7: Passed on test | X7: Passed on test | Y7: Passed on test | Z7: Passed on test | AA7: Passed on test | AB7: Passed on test
A8: issue_058_se | B8: Passed on test | C8: Passed on test | D8: Passed on test | E8: Passed on test | F8: Passed on test | G8: Passed on test | H8: Passed on test | I8: Passed on test | J8: Passed on test | K8: Passed on test | L8: Passed on test | M8: Passed on test | N8: NOT_TESTED | O8: NOT_TESTED | P8: NOT_TESTED | Q8: NOT_TESTED | R8: NOT_TESTED | S8: NOT_TESTED | T8: NOT_TESTED | U8: NOT_TESTED | V8: NOT_TESTED | W8: NOT_TESTED | X8: NOT_TESTED | Y8: NOT_TESTED | Z8: NOT_TESTED | AA8: NOT_TESTED | AB8: NOT_TESTED
A9: issue_061 | B9: NOT_TESTED | C9: NOT_TESTED | D9: NOT_TESTED | E9: NOT_TESTED | F9: NOT_TESTED | G9: NOT_TESTED | H9: NOT_TESTED | I9: NOT_TESTED | J9: NOT_TESTED | K9: NOT_TESTED | L9: NOT_TESTED | M9: NOT_TESTED | N9: Passed on test | O9: Passed on test | P9: Passed on test | Q9: Passed on test | R9: Passed on test | S9: Passed on test | T9: Passed on test | U9: Passed on test | V9: Passed on test | W9: Passed on test | X9: Passed on test | Y9: Passed on test | Z9: Passed on test | AA9: Passed on test | AB9: Passed on test
A10: issue_072 | B10: Passed on test | C10: Passed on test | D10: Passed on test | E10: Passed on test | F10: NOT_TESTED | G10: NOT_TESTED | H10: NOT_TESTED | I10: NOT_TESTED | J10: NOT_TESTED | K10: NOT_TESTED | L10: NOT_TESTED | M10: NOT_TESTED | N10: NOT_TESTED | O10: NOT_TESTED | P10: NOT_TESTED | Q10: NOT_TESTED | R10: NOT_TESTED | S10: NOT_TESTED | T10: NOT_TESTED | U10: NOT_TESTED | V10: NOT_TESTED | W10: NOT_TESTED | X10: NOT_TESTED | Y10: NOT_TESTED | Z10: NOT_TESTED | AA10: NOT_TESTED | AB10: NOT_TESTED
A11: issue_096 | B11: Failed on test | C11: Failed on test | D11: Failed on test | E11: Failed on test | F11: Failed on test | G11: Failed on test | H11: Failed on test | I11: Failed on test | J11: Failed on test | K11: Failed on test | L11: Failed on test | M11: Failed on test | N11: Failed on test | O11: Failed on test | P11: Failed on test | Q11: Failed on test | R11: Failed on test | S11: Failed on test | T11: Failed on test | U11: Failed on test | V11: Failed on test | W11: Failed on test | X11: Failed on test | Y11: Failed on test | Z11: Failed on test | AA11: Failed on test | AB11: Failed on test | AC11: AssertionError | AD11: AssertionError: '' != '[default]\n' + [default] | AssertionError: False is not true : Missing ipython_kernel_config.py (even when the profile directory already exists) | AE11: The LLM creates an empty Qiskit settings file instead of one containing '[default]', and never creates the ipython_kernel_config.py file the user needed. | AF11: AssertionError | AG11: AssertionError: '' != '[default]\n' + [default] | AssertionError: False is not true : Missing ipython_kernel_config.py (even when the profile directory already exists) | AH11: The LLM creates an empty Qiskit settings file instead of one containing '[default]', and never creates the ipython_kernel_config.py file the user needed. | AI11: AssertionError | AJ11: AssertionError: '' != '[default]\n' + [default] | AssertionError: False is not true : Missing ipython_kernel_config.py (even when the profile directory already exists) | AK11: The LLM creates an empty Qiskit settings file instead of one containing '[default]', and never creates the ipython_kernel_config.py file the user needed. | AL11: AssertionError | AM11: AssertionError: '' != '[default]\n' + [default] | AssertionError: False is not true : Missing ipython_kernel_config.py (even when the profile directory already exists) | AN11: The LLM creates an empty Qiskit settings file instead of one containing '[default]', and never creates the ipython_kernel_config.py file the user needed. | AO11: AssertionError | AP11: AssertionError: '' != '[default]\n' + [default] | AssertionError: False is not true : Missing ipython_kernel_config.py (even when the profile directory already exists) | AQ11: The LLM creates an empty Qiskit settings file instead of one containing '[default]', and never creates the ipython_kernel_config.py file the user needed. | AR11: AssertionError | AS11: AssertionError: '' != '[default]\n' + [default] | AssertionError: False is not true : Missing ipython_kernel_config.py (even when the profile directory already exists) | AT11: The LLM creates an empty Qiskit settings file instead of one containing '[default]', and never creates the ipython_kernel_config.py file the user needed. | AU11: AssertionError | AV11: AssertionError: '' != '[default]\n' + [default] | AssertionError: False is not true : Missing ipython_kernel_config.py (even when the profile directory already exists) | AW11: The LLM creates an empty Qiskit settings file instead of one containing '[default]', and never creates the ipython_kernel_config.py file the user needed. | AX11: AssertionError | AY11: AssertionError: '' != '[default]\n' + [default] | AssertionError: False is not true : Missing ipython_kernel_config.py (even when the profile directory already exists) | AZ11: The LLM creates an empty Qiskit settings file instead of one containing '[default]', and never creates the ipython_kernel_config.py file the user needed. | BA11: AssertionError | BB11: AssertionError: '' != '[default]\n' + [default] | AssertionError: False is not true : Missing ipython_kernel_config.py (even when the profile directory already exists) | BC11: The LLM creates an empty Qiskit settings file instead of one containing '[default]', and never creates the ipython_kernel_config.py file the user needed. | BD11: AssertionError | BE11: AssertionError: '' != '[default]\n' + [default] | AssertionError: False is not true : Missing ipython_kernel_config.py (even when the profile directory already exists) | BF11: The LLM creates an empty Qiskit settings file instead of one containing '[default]', and never creates the ipython_kernel_config.py file the user needed. | BG11: AssertionError | BH11: AssertionError: '' != '[default]\n' + [default] | AssertionError: False is not true : Missing ipython_kernel_config.py (even when the profile directory already exists) | BI11: The LLM creates an empty Qiskit settings file instead of one containing '[default]', and never creates the ipython_kernel_config.py file the user needed. | BJ11: AssertionError | BK11: AssertionError: '' != '[default]\n' + [default] | AssertionError: False is not true : Missing ipython_kernel_config.py (even when the profile directory already exists) | BL11: The LLM creates an empty Qiskit settings file instead of one containing '[default]', and never creates the ipython_kernel_config.py file the user needed. | BM11: AssertionError | BN11: AssertionError: '' != '[default]\n' + [default] | AssertionError: False is not true : Missing ipython_kernel_config.py (even when the profile directory already exists) | BO11: The LLM creates an empty Qiskit settings file instead of one containing '[default]', and never creates the ipython_kernel_config.py file the user needed. | BP11: AssertionError | BQ11: AssertionError: '' != '[default]\n' + [default] | AssertionError: False is not true : Missing ipython_kernel_config.py (even when the profile directory already exists) | BR11: The LLM creates an empty Qiskit settings file instead of one containing '[default]', and never creates the ipython_kernel_config.py file the user needed. | BS11: AssertionError | BT11: AssertionError: '' != '[default]\n' + [default] | AssertionError: False is not true : Missing ipython_kernel_config.py (even when the profile directory already exists) | BU11: The LLM creates an empty Qiskit settings file instead of one containing '[default]', and never creates the ipython_kernel_config.py file the user needed. | BV11: AssertionError | BW11: AssertionError: '' != '[default]\n' + [default] | AssertionError: False is not true : Missing ipython_kernel_config.py (even when the profile directory already exists) | BX11: The LLM creates an empty Qiskit settings file instead of one containing '[default]', and never creates the ipython_kernel_config.py file the user needed. | BY11: AssertionError | BZ11: AssertionError: '' != '[default]\n' + [default] | AssertionError: False is not true : Missing ipython_kernel_config.py (even when the profile directory already exists) | CA11: The LLM creates an empty Qiskit settings file instead of one containing '[default]', and never creates the ipython_kernel_config.py file the user needed. | CB11: AssertionError | CC11: AssertionError: '' != '[default]\n' + [default] | AssertionError: False is not true : Missing ipython_kernel_config.py (even when the profile directory already exists) | CD11: The LLM creates an empty Qiskit settings file instead of one containing '[default]', and never creates the ipython_kernel_config.py file the user needed. | CE11: AssertionError | CF11: AssertionError: '' != '[default]\n' + [default] | AssertionError: False is not true : Missing ipython_kernel_config.py (even when the profile directory already exists) | CG11: The LLM creates an empty Qiskit settings file instead of one containing '[default]', and never creates the ipython_kernel_config.py file the user needed. | CH11: AssertionError | CI11: AssertionError: '' != '[default]\n' + [default] | AssertionError: False is not true : Missing ipython_kernel_config.py (even when the profile directory already exists) | CJ11: The LLM creates an empty Qiskit settings file instead of one containing '[default]', and never creates the ipython_kernel_config.py file the user needed. | CK11: AssertionError | CL11: AssertionError: '' != '[default]\n' + [default] | AssertionError: False is not true : Missing ipython_kernel_config.py (even when the profile directory already exists) | CM11: The LLM creates an empty Qiskit settings file instead of one containing '[default]', and never creates the ipython_kernel_config.py file the user needed. | CN11: AssertionError | CO11: AssertionError: '' != '[default]\n' + [default] | AssertionError: False is not true : Missing ipython_kernel_config.py (even when the profile directory already exists) | CP11: The LLM creates an empty Qiskit settings file instead of one containing '[default]', and never creates the ipython_kernel_config.py file the user needed. | CQ11: AssertionError | CR11: AssertionError: '' != '[default]\n' + [default] | AssertionError: False is not true : Missing ipython_kernel_config.py (even when the profile directory already exists) | CS11: The LLM creates an empty Qiskit settings file instead of one containing '[default]', and never creates the ipython_kernel_config.py file the user needed. | CT11: AssertionError | CU11: AssertionError: '' != '[default]\n' + [default] | AssertionError: False is not true : Missing ipython_kernel_config.py (even when the profile directory already exists) | CV11: The LLM creates an empty Qiskit settings file instead of one containing '[default]', and never creates the ipython_kernel_config.py file the user needed. | CW11: AssertionError | CX11: AssertionError: '' != '[default]\n' + [default] | AssertionError: False is not true : Missing ipython_kernel_config.py (even when the profile directory already exists) | CY11: The LLM creates an empty Qiskit settings file instead of one containing '[default]', and never creates the ipython_kernel_config.py file the user needed. | CZ11: AssertionError | DA11: AssertionError: '' != '[default]\n' + [default] | AssertionError: False is not true : Missing ipython_kernel_config.py (even when the profile directory already exists) | DB11: The LLM creates an empty Qiskit settings file instead of one containing '[default]', and never creates the ipython_kernel_config.py file the user needed. | DC11: AssertionError | DD11: AssertionError: '' != '[default]\n' + [default] | AssertionError: False is not true : Missing ipython_kernel_config.py (even when the profile directory already exists) | DE11: The LLM creates an empty Qiskit settings file instead of one containing '[default]', and never creates the ipython_kernel_config.py file the user needed.
A12: issue_155 | B12: Passed on test | C12: Passed on test | D12: Passed on test | E12: Passed on test | F12: Passed on test | G12: Passed on test | H12: Passed on test | I12: Passed on test | J12: Passed on test | K12: Passed on test | L12: Passed on test | M12: Passed on test | N12: NOT_TESTED | O12: NOT_TESTED | P12: NOT_TESTED | Q12: NOT_TESTED | R12: NOT_TESTED | S12: NOT_TESTED | T12: NOT_TESTED | U12: NOT_TESTED | V12: NOT_TESTED | W12: NOT_TESTED | X12: NOT_TESTED | Y12: NOT_TESTED | Z12: NOT_TESTED | AA12: NOT_TESTED | AB12: NOT_TESTED
A13: issue_157 | B13: Runtime error | C13: Runtime error | D13: Runtime error | E13: Runtime error | F13: Passed on test | G13: Passed on test | H13: Passed on test | I13: Passed on test | J13: Passed on test | K13: Passed on test | L13: Passed on test | M13: Passed on test | N13: NOT_TESTED | O13: NOT_TESTED | P13: NOT_TESTED | Q13: NOT_TESTED | R13: NOT_TESTED | S13: NOT_TESTED | T13: NOT_TESTED | U13: NOT_TESTED | V13: NOT_TESTED | W13: NOT_TESTED | X13: NOT_TESTED | Y13: NOT_TESTED | Z13: NOT_TESTED | AA13: NOT_TESTED | AB13: NOT_TESTED | AC13: AttributeError | AD13: AttributeError: 'QuantumCircuit' object has no attribute 'prepare_state' | AE13: The LLM replaced initialize() with QuantumCircuit.prepare_state(), which does not exist yet in Qiskit 0.25 (Terra 0.17), so the script crashes with AttributeError before the gate is built. | AF13: AttributeError | AG13: AttributeError: 'QuantumCircuit' object has no attribute 'prepare_state' | AH13: The LLM replaced initialize() with QuantumCircuit.prepare_state(), which does not exist yet in Qiskit 0.25 (Terra 0.17), so the script crashes with AttributeError before the gate is built. | AI13: AttributeError | AJ13: AttributeError: 'QuantumCircuit' object has no attribute 'prepare_state' | AK13: The LLM replaced initialize() with QuantumCircuit.prepare_state(), which does not exist yet in Qiskit 0.25 (Terra 0.17), so the script crashes with AttributeError before the gate is built. | AL13: AttributeError | AM13: AttributeError: 'QuantumCircuit' object has no attribute 'prepare_state' | AN13: The LLM replaced initialize() with QuantumCircuit.prepare_state(), which does not exist yet in Qiskit 0.25 (Terra 0.17), so the script crashes with AttributeError before the gate is built.
A14: issue_174 | B14: Runtime error | C14: Runtime error | D14: Runtime error | E14: Runtime error | F14: Runtime error | G14: Runtime error | H14: Runtime error | I14: Runtime error | J14: Runtime error | K14: Runtime error | L14: Runtime error | M14: Runtime error | N14: NOT_TESTED | O14: NOT_TESTED | P14: NOT_TESTED | Q14: NOT_TESTED | R14: NOT_TESTED | S14: NOT_TESTED | T14: NOT_TESTED | U14: NOT_TESTED | V14: NOT_TESTED | W14: NOT_TESTED | X14: NOT_TESTED | Y14: NOT_TESTED | Z14: NOT_TESTED | AA14: NOT_TESTED | AB14: NOT_TESTED | AC14: QasmError | AD14: qiskit.qasm.exceptions.QasmError: 'Unable to match any token rule, got -->#<-- Check your OPENQASM source and any include statements.' | AE14: The LLM's QASM change (if (c==1) instead of if (c[0]==1)) is the same as the reference, but it put its '# FIX:' comment inside the OpenQASM string, where '#' is not valid syntax, so the QASM parser rejects the program. With that one line removed the fix passes. | AF14: QasmError | AG14: qiskit.qasm.exceptions.QasmError: 'Unable to match any token rule, got -->#<-- Check your OPENQASM source and any include statements.' | AH14: The LLM's QASM change (if (c==1) instead of if (c[0]==1)) is the same as the reference, but it put its '# FIX:' comment inside the OpenQASM string, where '#' is not valid syntax, so the QASM parser rejects the program. With that one line removed the fix passes. | AI14: QasmError | AJ14: qiskit.qasm.exceptions.QasmError: 'Unable to match any token rule, got -->#<-- Check your OPENQASM source and any include statements.' | AK14: The LLM's QASM change (if (c==1) instead of if (c[0]==1)) is the same as the reference, but it put its '# FIX:' comment inside the OpenQASM string, where '#' is not valid syntax, so the QASM parser rejects the program. With that one line removed the fix passes. | AL14: QasmError | AM14: qiskit.qasm.exceptions.QasmError: 'Unable to match any token rule, got -->#<-- Check your OPENQASM source and any include statements.' | AN14: The LLM's QASM change (if (c==1) instead of if (c[0]==1)) is the same as the reference, but it put its '# FIX:' comment inside the OpenQASM string, where '#' is not valid syntax, so the QASM parser rejects the program. With that one line removed the fix passes. | AO14: QASM2ParseError | AP14: qiskit.qasm2.exceptions.QASM2ParseError: "<input>:10,0: encountered '#', which doesn't match any valid tokens" | AQ14: The LLM's QASM change (if (c==1) instead of if (c[0]==1)) is the same as the reference, but it put its '# FIX:' comment inside the OpenQASM string, where '#' is not valid syntax, so the QASM parser rejects the program. With that one line removed the fix passes. | AR14: QASM2ParseError | AS14: qiskit.qasm2.exceptions.QASM2ParseError: "<input>:10,0: encountered '#', which doesn't match any valid tokens" | AT14: The LLM's QASM change (if (c==1) instead of if (c[0]==1)) is the same as the reference, but it put its '# FIX:' comment inside the OpenQASM string, where '#' is not valid syntax, so the QASM parser rejects the program. With that one line removed the fix passes. | AU14: QASM2ParseError | AV14: qiskit.qasm2.exceptions.QASM2ParseError: "<input>:10,0: encountered '#', which doesn't match any valid tokens" | AW14: The LLM's QASM change (if (c==1) instead of if (c[0]==1)) is the same as the reference, but it put its '# FIX:' comment inside the OpenQASM string, where '#' is not valid syntax, so the QASM parser rejects the program. With that one line removed the fix passes. | AX14: QASM2ParseError | AY14: qiskit.qasm2.exceptions.QASM2ParseError: "<input>:10,0: encountered '#', which doesn't match any valid tokens" | AZ14: The LLM's QASM change (if (c==1) instead of if (c[0]==1)) is the same as the reference, but it put its '# FIX:' comment inside the OpenQASM string, where '#' is not valid syntax, so the QASM parser rejects the program. With that one line removed the fix passes. | BA14: QASM2ParseError | BB14: qiskit.qasm2.exceptions.QASM2ParseError: "<input>:10,0: encountered '#', which doesn't match any valid tokens" | BC14: The LLM's QASM change (if (c==1) instead of if (c[0]==1)) is the same as the reference, but it put its '# FIX:' comment inside the OpenQASM string, where '#' is not valid syntax, so the QASM parser rejects the program. With that one line removed the fix passes. | BD14: QASM2ParseError | BE14: qiskit.qasm2.exceptions.QASM2ParseError: "<input>:10,0: encountered '#', which doesn't match any valid tokens" | BF14: The LLM's QASM change (if (c==1) instead of if (c[0]==1)) is the same as the reference, but it put its '# FIX:' comment inside the OpenQASM string, where '#' is not valid syntax, so the QASM parser rejects the program. With that one line removed the fix passes. | BG14: QASM2ParseError | BH14: qiskit.qasm2.exceptions.QASM2ParseError: "<input>:10,0: encountered '#', which doesn't match any valid tokens" | BI14: The LLM's QASM change (if (c==1) instead of if (c[0]==1)) is the same as the reference, but it put its '# FIX:' comment inside the OpenQASM string, where '#' is not valid syntax, so the QASM parser rejects the program. With that one line removed the fix passes. | BJ14: QASM2ParseError | BK14: qiskit.qasm2.exceptions.QASM2ParseError: "<input>:10,0: encountered '#', which doesn't match any valid tokens" | BL14: The LLM's QASM change (if (c==1) instead of if (c[0]==1)) is the same as the reference, but it put its '# FIX:' comment inside the OpenQASM string, where '#' is not valid syntax, so the QASM parser rejects the program. With that one line removed the fix passes.
A15: issue_189 | B15: NOT_TESTED | C15: NOT_TESTED | D15: NOT_TESTED | E15: NOT_TESTED | F15: Passed on test | G15: Passed on test | H15: Passed on test | I15: Passed on test | J15: Passed on test | K15: Passed on test | L15: Passed on test | M15: Passed on test | N15: Passed on test | O15: Passed on test | P15: Passed on test | Q15: Passed on test | R15: Passed on test | S15: Passed on test | T15: Passed on test | U15: Passed on test | V15: Passed on test | W15: Passed on test | X15: Passed on test | Y15: Passed on test | Z15: Passed on test | AA15: Passed on test | AB15: Passed on test | AO15: AssertionError | AP15: AssertionError: Lists differ: [2, 3, 4, 5, 6, 7, 8] != [0, 3, 4, 5, 6, 7, 8] | AQ15: The LLM fixed the qubit count (one control plus the six target qubits) but kept the original code's control order, so control qubit k gets the power 2^k (the usual QPE layout, and every gate matrix is correct). The test only accepts the Stack Overflow answer's order (control i gets 2^(2-i)), so it reports [2, 3, ..., 8] instead of [0, 3, ..., 8]. | AR15: AssertionError | AS15: AssertionError: Lists differ: [2, 3, 4, 5, 6, 7, 8] != [0, 3, 4, 5, 6, 7, 8] | AT15: The LLM fixed the qubit count (one control plus the six target qubits) but kept the original code's control order, so control qubit k gets the power 2^k (the usual QPE layout, and every gate matrix is correct). The test only accepts the Stack Overflow answer's order (control i gets 2^(2-i)), so it reports [2, 3, ..., 8] instead of [0, 3, ..., 8]. | AU15: AssertionError | AV15: AssertionError: Lists differ: [2, 3, 4, 5, 6, 7, 8] != [0, 3, 4, 5, 6, 7, 8] | AW15: The LLM fixed the qubit count (one control plus the six target qubits) but kept the original code's control order, so control qubit k gets the power 2^k (the usual QPE layout, and every gate matrix is correct). The test only accepts the Stack Overflow answer's order (control i gets 2^(2-i)), so it reports [2, 3, ..., 8] instead of [0, 3, ..., 8]. | AX15: AssertionError | AY15: AssertionError: Lists differ: [2, 3, 4, 5, 6, 7, 8] != [0, 3, 4, 5, 6, 7, 8] | AZ15: The LLM fixed the qubit count (one control plus the six target qubits) but kept the original code's control order, so control qubit k gets the power 2^k (the usual QPE layout, and every gate matrix is correct). The test only accepts the Stack Overflow answer's order (control i gets 2^(2-i)), so it reports [2, 3, ..., 8] instead of [0, 3, ..., 8]. | BA15: AssertionError | BB15: AssertionError: Lists differ: [2, 3, 4, 5, 6, 7, 8] != [0, 3, 4, 5, 6, 7, 8] | BC15: The LLM fixed the qubit count (one control plus the six target qubits) but kept the original code's control order, so control qubit k gets the power 2^k (the usual QPE layout, and every gate matrix is correct). The test only accepts the Stack Overflow answer's order (control i gets 2^(2-i)), so it reports [2, 3, ..., 8] instead of [0, 3, ..., 8]. | BD15: AssertionError | BE15: AssertionError: Lists differ: [2, 3, 4, 5, 6, 7, 8] != [0, 3, 4, 5, 6, 7, 8] | BF15: The LLM fixed the qubit count (one control plus the six target qubits) but kept the original code's control order, so control qubit k gets the power 2^k (the usual QPE layout, and every gate matrix is correct). The test only accepts the Stack Overflow answer's order (control i gets 2^(2-i)), so it reports [2, 3, ..., 8] instead of [0, 3, ..., 8]. | BG15: AssertionError | BH15: AssertionError: Lists differ: [2, 3, 4, 5, 6, 7, 8] != [0, 3, 4, 5, 6, 7, 8] | BI15: The LLM fixed the qubit count (one control plus the six target qubits) but kept the original code's control order, so control qubit k gets the power 2^k (the usual QPE layout, and every gate matrix is correct). The test only accepts the Stack Overflow answer's order (control i gets 2^(2-i)), so it reports [2, 3, ..., 8] instead of [0, 3, ..., 8]. | BJ15: AssertionError | BK15: AssertionError: Lists differ: [2, 3, 4, 5, 6, 7, 8] != [0, 3, 4, 5, 6, 7, 8] | BL15: The LLM fixed the qubit count (one control plus the six target qubits) but kept the original code's control order, so control qubit k gets the power 2^k (the usual QPE layout, and every gate matrix is correct). The test only accepts the Stack Overflow answer's order (control i gets 2^(2-i)), so it reports [2, 3, ..., 8] instead of [0, 3, ..., 8]. | BM15: AssertionError | BN15: AssertionError: Lists differ: [2, 3, 4, 5, 6, 7, 8] != [0, 3, 4, 5, 6, 7, 8] | BO15: The LLM fixed the qubit count (one control plus the six target qubits) but kept the original code's control order, so control qubit k gets the power 2^k (the usual QPE layout, and every gate matrix is correct). The test only accepts the Stack Overflow answer's order (control i gets 2^(2-i)), so it reports [2, 3, ..., 8] instead of [0, 3, ..., 8]. | BP15: AssertionError | BQ15: AssertionError: Lists differ: [2, 3, 4, 5, 6, 7, 8] != [0, 3, 4, 5, 6, 7, 8] | BR15: The LLM fixed the qubit count (one control plus the six target qubits) but kept the original code's control order, so control qubit k gets the power 2^k (the usual QPE layout, and every gate matrix is correct). The test only accepts the Stack Overflow answer's order (control i gets 2^(2-i)), so it reports [2, 3, ..., 8] instead of [0, 3, ..., 8]. | BS15: AssertionError | BT15: AssertionError: Lists differ: [2, 3, 4, 5, 6, 7, 8] != [0, 3, 4, 5, 6, 7, 8] | BU15: The LLM fixed the qubit count (one control plus the six target qubits) but kept the original code's control order, so control qubit k gets the power 2^k (the usual QPE layout, and every gate matrix is correct). The test only accepts the Stack Overflow answer's order (control i gets 2^(2-i)), so it reports [2, 3, ..., 8] instead of [0, 3, ..., 8]. | BV15: AssertionError | BW15: AssertionError: Lists differ: [2, 3, 4, 5, 6, 7, 8] != [0, 3, 4, 5, 6, 7, 8] | BX15: The LLM fixed the qubit count (one control plus the six target qubits) but kept the original code's control order, so control qubit k gets the power 2^k (the usual QPE layout, and every gate matrix is correct). The test only accepts the Stack Overflow answer's order (control i gets 2^(2-i)), so it reports [2, 3, ..., 8] instead of [0, 3, ..., 8]. | BY15: AssertionError | BZ15: AssertionError: Lists differ: [2, 3, 4, 5, 6, 7, 8] != [0, 3, 4, 5, 6, 7, 8] | CA15: The LLM fixed the qubit count (one control plus the six target qubits) but kept the original code's control order, so control qubit k gets the power 2^k (the usual QPE layout, and every gate matrix is correct). The test only accepts the Stack Overflow answer's order (control i gets 2^(2-i)), so it reports [2, 3, ..., 8] instead of [0, 3, ..., 8]. | CB15: AssertionError | CC15: AssertionError: Lists differ: [2, 3, 4, 5, 6, 7, 8] != [0, 3, 4, 5, 6, 7, 8] | CD15: The LLM fixed the qubit count (one control plus the six target qubits) but kept the original code's control order, so control qubit k gets the power 2^k (the usual QPE layout, and every gate matrix is correct). The test only accepts the Stack Overflow answer's order (control i gets 2^(2-i)), so it reports [2, 3, ..., 8] instead of [0, 3, ..., 8]. | CE15: AssertionError | CF15: AssertionError: Lists differ: [2, 3, 4, 5, 6, 7, 8] != [0, 3, 4, 5, 6, 7, 8] | CG15: The LLM fixed the qubit count (one control plus the six target qubits) but kept the original code's control order, so control qubit k gets the power 2^k (the usual QPE layout, and every gate matrix is correct). The test only accepts the Stack Overflow answer's order (control i gets 2^(2-i)), so it reports [2, 3, ..., 8] instead of [0, 3, ..., 8]. | CH15: AssertionError | CI15: AssertionError: Lists differ: [2, 3, 4, 5, 6, 7, 8] != [0, 3, 4, 5, 6, 7, 8] | CJ15: The LLM fixed the qubit count (one control plus the six target qubits) but kept the original code's control order, so control qubit k gets the power 2^k (the usual QPE layout, and every gate matrix is correct). The test only accepts the Stack Overflow answer's order (control i gets 2^(2-i)), so it reports [2, 3, ..., 8] instead of [0, 3, ..., 8]. | CK15: AssertionError | CL15: AssertionError: Lists differ: [2, 3, 4, 5, 6, 7, 8] != [0, 3, 4, 5, 6, 7, 8] | CM15: The LLM fixed the qubit count (one control plus the six target qubits) but kept the original code's control order, so control qubit k gets the power 2^k (the usual QPE layout, and every gate matrix is correct). The test only accepts the Stack Overflow answer's order (control i gets 2^(2-i)), so it reports [2, 3, ..., 8] instead of [0, 3, ..., 8]. | CN15: AssertionError | CO15: AssertionError: Lists differ: [2, 3, 4, 5, 6, 7, 8] != [0, 3, 4, 5, 6, 7, 8] | CP15: The LLM fixed the qubit count (one control plus the six target qubits) but kept the original code's control order, so control qubit k gets the power 2^k (the usual QPE layout, and every gate matrix is correct). The test only accepts the Stack Overflow answer's order (control i gets 2^(2-i)), so it reports [2, 3, ..., 8] instead of [0, 3, ..., 8]. | CQ15: AssertionError | CR15: AssertionError: Lists differ: [2, 3, 4, 5, 6, 7, 8] != [0, 3, 4, 5, 6, 7, 8] | CS15: The LLM fixed the qubit count (one control plus the six target qubits) but kept the original code's control order, so control qubit k gets the power 2^k (the usual QPE layout, and every gate matrix is correct). The test only accepts the Stack Overflow answer's order (control i gets 2^(2-i)), so it reports [2, 3, ..., 8] instead of [0, 3, ..., 8]. | CT15: AssertionError | CU15: AssertionError: Lists differ: [2, 3, 4, 5, 6, 7, 8] != [0, 3, 4, 5, 6, 7, 8] | CV15: The LLM fixed the qubit count (one control plus the six target qubits) but kept the original code's control order, so control qubit k gets the power 2^k (the usual QPE layout, and every gate matrix is correct). The test only accepts the Stack Overflow answer's order (control i gets 2^(2-i)), so it reports [2, 3, ..., 8] instead of [0, 3, ..., 8]. | CW15: AssertionError | CX15: AssertionError: Lists differ: [2, 3, 4, 5, 6, 7, 8] != [0, 3, 4, 5, 6, 7, 8] | CY15: The LLM fixed the qubit count (one control plus the six target qubits) but kept the original code's control order, so control qubit k gets the power 2^k (the usual QPE layout, and every gate matrix is correct). The test only accepts the Stack Overflow answer's order (control i gets 2^(2-i)), so it reports [2, 3, ..., 8] instead of [0, 3, ..., 8]. | CZ15: AssertionError | DA15: AssertionError: Lists differ: [2, 3, 4, 5, 6, 7, 8] != [0, 3, 4, 5, 6, 7, 8] | DB15: The LLM fixed the qubit count (one control plus the six target qubits) but kept the original code's control order, so control qubit k gets the power 2^k (the usual QPE layout, and every gate matrix is correct). The test only accepts the Stack Overflow answer's order (control i gets 2^(2-i)), so it reports [2, 3, ..., 8] instead of [0, 3, ..., 8]. | DC15: AssertionError | DD15: AssertionError: Lists differ: [2, 3, 4, 5, 6, 7, 8] != [0, 3, 4, 5, 6, 7, 8] | DE15: The LLM fixed the qubit count (one control plus the six target qubits) but kept the original code's control order, so control qubit k gets the power 2^k (the usual QPE layout, and every gate matrix is correct). The test only accepts the Stack Overflow answer's order (control i gets 2^(2-i)), so it reports [2, 3, ..., 8] instead of [0, 3, ..., 8].
A16: issue_225 | B16: NOT_TESTED | C16: NOT_TESTED | D16: NOT_TESTED | E16: NOT_TESTED | F16: Passed on test | G16: Passed on test | H16: Passed on test | I16: Passed on test | J16: Passed on test | K16: Passed on test | L16: Passed on test | M16: Passed on test | N16: NOT_TESTED | O16: NOT_TESTED | P16: NOT_TESTED | Q16: NOT_TESTED | R16: NOT_TESTED | S16: NOT_TESTED | T16: NOT_TESTED | U16: NOT_TESTED | V16: NOT_TESTED | W16: NOT_TESTED | X16: NOT_TESTED | Y16: NOT_TESTED | Z16: NOT_TESTED | AA16: NOT_TESTED | AB16: NOT_TESTED
A17: issue_233 | B17: Runtime error | C17: Runtime error | D17: Runtime error | E17: Runtime error | F17: Runtime error | G17: Runtime error | H17: Runtime error | I17: Runtime error | J17: Runtime error | K17: Runtime error | L17: Runtime error | M17: Runtime error | N17: Runtime error | O17: Runtime error | P17: Runtime error | Q17: Runtime error | R17: Runtime error | S17: Runtime error | T17: Runtime error | U17: Runtime error | V17: Runtime error | W17: Runtime error | X17: Runtime error | Y17: Runtime error | Z17: Runtime error | AA17: Runtime error | AB17: Runtime error | AC17: TypeError | AD17: TypeError: 'int' object is not callable | AE17: The LLM replaced only the second rot.num_parameters_settable() call (with len(rot.parameters)) and left the first one; num_parameters_settable is a property that returns an int, so calling it raises TypeError before anything is printed. | AF17: TypeError | AG17: TypeError: 'int' object is not callable | AH17: The LLM replaced only the second rot.num_parameters_settable() call (with len(rot.parameters)) and left the first one; num_parameters_settable is a property that returns an int, so calling it raises TypeError before anything is printed. | AI17: TypeError | AJ17: TypeError: 'int' object is not callable | AK17: The LLM replaced only the second rot.num_parameters_settable() call (with len(rot.parameters)) and left the first one; num_parameters_settable is a property that returns an int, so calling it raises TypeError before anything is printed. | AL17: TypeError | AM17: TypeError: 'int' object is not callable | AN17: The LLM replaced only the second rot.num_parameters_settable() call (with len(rot.parameters)) and left the first one; num_parameters_settable is a property that returns an int, so calling it raises TypeError before anything is printed. | AO17: TypeError | AP17: TypeError: 'int' object is not callable | AQ17: The LLM replaced only the second rot.num_parameters_settable() call (with len(rot.parameters)) and left the first one; num_parameters_settable is a property that returns an int, so calling it raises TypeError before anything is printed. | AR17: TypeError | AS17: TypeError: 'int' object is not callable | AT17: The LLM replaced only the second rot.num_parameters_settable() call (with len(rot.parameters)) and left the first one; num_parameters_settable is a property that returns an int, so calling it raises TypeError before anything is printed. | AU17: TypeError | AV17: TypeError: 'int' object is not callable | AW17: The LLM replaced only the second rot.num_parameters_settable() call (with len(rot.parameters)) and left the first one; num_parameters_settable is a property that returns an int, so calling it raises TypeError before anything is printed. | AX17: TypeError | AY17: TypeError: 'int' object is not callable | AZ17: The LLM replaced only the second rot.num_parameters_settable() call (with len(rot.parameters)) and left the first one; num_parameters_settable is a property that returns an int, so calling it raises TypeError before anything is printed. | BA17: TypeError | BB17: TypeError: 'int' object is not callable | BC17: The LLM replaced only the second rot.num_parameters_settable() call (with len(rot.parameters)) and left the first one; num_parameters_settable is a property that returns an int, so calling it raises TypeError before anything is printed. | BD17: TypeError | BE17: TypeError: 'int' object is not callable | BF17: The LLM replaced only the second rot.num_parameters_settable() call (with len(rot.parameters)) and left the first one; num_parameters_settable is a property that returns an int, so calling it raises TypeError before anything is printed. | BG17: TypeError | BH17: TypeError: 'int' object is not callable | BI17: The LLM replaced only the second rot.num_parameters_settable() call (with len(rot.parameters)) and left the first one; num_parameters_settable is a property that returns an int, so calling it raises TypeError before anything is printed. | BJ17: TypeError | BK17: TypeError: 'int' object is not callable | BL17: The LLM replaced only the second rot.num_parameters_settable() call (with len(rot.parameters)) and left the first one; num_parameters_settable is a property that returns an int, so calling it raises TypeError before anything is printed. | BM17: TypeError | BN17: TypeError: 'int' object is not callable | BO17: The LLM replaced only the second rot.num_parameters_settable() call (with len(rot.parameters)) and left the first one; num_parameters_settable is a property that returns an int, so calling it raises TypeError before anything is printed. | BP17: TypeError | BQ17: TypeError: 'int' object is not callable | BR17: The LLM replaced only the second rot.num_parameters_settable() call (with len(rot.parameters)) and left the first one; num_parameters_settable is a property that returns an int, so calling it raises TypeError before anything is printed. | BS17: TypeError | BT17: TypeError: 'int' object is not callable | BU17: The LLM replaced only the second rot.num_parameters_settable() call (with len(rot.parameters)) and left the first one; num_parameters_settable is a property that returns an int, so calling it raises TypeError before anything is printed. | BV17: TypeError | BW17: TypeError: 'int' object is not callable | BX17: The LLM replaced only the second rot.num_parameters_settable() call (with len(rot.parameters)) and left the first one; num_parameters_settable is a property that returns an int, so calling it raises TypeError before anything is printed. | BY17: TypeError | BZ17: TypeError: 'int' object is not callable | CA17: The LLM replaced only the second rot.num_parameters_settable() call (with len(rot.parameters)) and left the first one; num_parameters_settable is a property that returns an int, so calling it raises TypeError before anything is printed. | CB17: TypeError | CC17: TypeError: 'int' object is not callable | CD17: The LLM replaced only the second rot.num_parameters_settable() call (with len(rot.parameters)) and left the first one; num_parameters_settable is a property that returns an int, so calling it raises TypeError before anything is printed. | CE17: TypeError | CF17: TypeError: 'int' object is not callable | CG17: The LLM replaced only the second rot.num_parameters_settable() call (with len(rot.parameters)) and left the first one; num_parameters_settable is a property that returns an int, so calling it raises TypeError before anything is printed. | CH17: TypeError | CI17: TypeError: 'int' object is not callable | CJ17: The LLM replaced only the second rot.num_parameters_settable() call (with len(rot.parameters)) and left the first one; num_parameters_settable is a property that returns an int, so calling it raises TypeError before anything is printed. | CK17: TypeError | CL17: TypeError: 'int' object is not callable | CM17: The LLM replaced only the second rot.num_parameters_settable() call (with len(rot.parameters)) and left the first one; num_parameters_settable is a property that returns an int, so calling it raises TypeError before anything is printed. | CN17: TypeError | CO17: TypeError: 'int' object is not callable | CP17: The LLM replaced only the second rot.num_parameters_settable() call (with len(rot.parameters)) and left the first one; num_parameters_settable is a property that returns an int, so calling it raises TypeError before anything is printed. | CQ17: TypeError | CR17: TypeError: 'int' object is not callable | CS17: The LLM replaced only the second rot.num_parameters_settable() call (with len(rot.parameters)) and left the first one; num_parameters_settable is a property that returns an int, so calling it raises TypeError before anything is printed. | CT17: TypeError | CU17: TypeError: 'int' object is not callable | CV17: The LLM replaced only the second rot.num_parameters_settable() call (with len(rot.parameters)) and left the first one; num_parameters_settable is a property that returns an int, so calling it raises TypeError before anything is printed. | CW17: TypeError | CX17: TypeError: 'int' object is not callable | CY17: The LLM replaced only the second rot.num_parameters_settable() call (with len(rot.parameters)) and left the first one; num_parameters_settable is a property that returns an int, so calling it raises TypeError before anything is printed. | CZ17: TypeError | DA17: TypeError: 'int' object is not callable | DB17: The LLM replaced only the second rot.num_parameters_settable() call (with len(rot.parameters)) and left the first one; num_parameters_settable is a property that returns an int, so calling it raises TypeError before anything is printed. | DC17: TypeError | DD17: TypeError: 'int' object is not callable | DE17: The LLM replaced only the second rot.num_parameters_settable() call (with len(rot.parameters)) and left the first one; num_parameters_settable is a property that returns an int, so calling it raises TypeError before anything is printed.
A18: issue_261 | B18: Passed on test | C18: Passed on test | D18: Passed on test | E18: Passed on test | F18: Passed on test | G18: Passed on test | H18: Passed on test | I18: Passed on test | J18: Passed on test | K18: Passed on test | L18: Passed on test | M18: Passed on test | N18: NOT_TESTED | O18: NOT_TESTED | P18: NOT_TESTED | Q18: NOT_TESTED | R18: NOT_TESTED | S18: NOT_TESTED | T18: NOT_TESTED | U18: NOT_TESTED | V18: NOT_TESTED | W18: NOT_TESTED | X18: NOT_TESTED | Y18: NOT_TESTED | Z18: NOT_TESTED | AA18: NOT_TESTED | AB18: NOT_TESTED
A19: issue_280 | B19: Passed on test | C19: Passed on test | D19: Passed on test | E19: Passed on test | F19: Passed on test | G19: Passed on test | H19: Passed on test | I19: Passed on test | J19: Passed on test | K19: Passed on test | L19: Passed on test | M19: Passed on test | N19: NOT_TESTED | O19: NOT_TESTED | P19: NOT_TESTED | Q19: NOT_TESTED | R19: NOT_TESTED | S19: NOT_TESTED | T19: NOT_TESTED | U19: NOT_TESTED | V19: NOT_TESTED | W19: NOT_TESTED | X19: NOT_TESTED | Y19: NOT_TESTED | Z19: NOT_TESTED | AA19: NOT_TESTED | AB19: NOT_TESTED
A20: issue_295 | B20: NOT_TESTED | C20: NOT_TESTED | D20: NOT_TESTED | E20: NOT_TESTED | F20: Passed on test | G20: Passed on test | H20: Passed on test | I20: Passed on test | J20: Passed on test | K20: Passed on test | L20: Passed on test | M20: Passed on test | N20: NOT_TESTED | O20: NOT_TESTED | P20: NOT_TESTED | Q20: NOT_TESTED | R20: NOT_TESTED | S20: NOT_TESTED | T20: NOT_TESTED | U20: NOT_TESTED | V20: NOT_TESTED | W20: NOT_TESTED | X20: NOT_TESTED | Y20: NOT_TESTED | Z20: NOT_TESTED | AA20: NOT_TESTED | AB20: NOT_TESTED
A21: issue_315 | B21: NOT_TESTED | C21: NOT_TESTED | D21: NOT_TESTED | E21: NOT_TESTED | F21: Runtime error | G21: Runtime error | H21: Runtime error | I21: Runtime error | J21: Runtime error | K21: Runtime error | L21: Runtime error | M21: Runtime error | N21: Runtime error | O21: Runtime error | P21: Runtime error | Q21: Runtime error | R21: Runtime error | S21: Runtime error | T21: Runtime error | U21: Runtime error | V21: Runtime error | W21: Runtime error | X21: Runtime error | Y21: Runtime error | Z21: Runtime error | AA21: Runtime error | AB21: Runtime error | AO21: ModuleNotFoundError | AP21: ModuleNotFoundError: No module named 'qiskit.providers.basic_provider' | AQ21: The LLM kept the BasicProvider import, and qiskit.providers.basic_provider does not exist before Qiskit 0.46, so the script crashes on import (it also deleted the parallel options the user wanted instead of switching to AerSimulator). | AR21: ModuleNotFoundError | AS21: ModuleNotFoundError: No module named 'qiskit.providers.basic_provider' | AT21: The LLM kept the BasicProvider import, and qiskit.providers.basic_provider does not exist before Qiskit 0.46, so the script crashes on import (it also deleted the parallel options the user wanted instead of switching to AerSimulator). | AU21: ModuleNotFoundError | AV21: ModuleNotFoundError: No module named 'qiskit.providers.basic_provider' | AW21: The LLM kept the BasicProvider import, and qiskit.providers.basic_provider does not exist before Qiskit 0.46, so the script crashes on import (it also deleted the parallel options the user wanted instead of switching to AerSimulator). | AX21: ModuleNotFoundError | AY21: ModuleNotFoundError: No module named 'qiskit.providers.basic_provider' | AZ21: The LLM kept the BasicProvider import, and qiskit.providers.basic_provider does not exist before Qiskit 0.46, so the script crashes on import (it also deleted the parallel options the user wanted instead of switching to AerSimulator). | BA21: AttributeError | BB21: AttributeError: Option max_parallel_threads is not defined | BC21: The LLM deleted the backend.set_options(...) call instead of switching to a simulator that supports those options (the reference uses AerSimulator), so the parallel settings the user asked for are never applied and the backend has no max_parallel_threads option to read. | BD21: AttributeError | BE21: AttributeError: Option max_parallel_threads is not defined | BF21: The LLM deleted the backend.set_options(...) call instead of switching to a simulator that supports those options (the reference uses AerSimulator), so the parallel settings the user asked for are never applied and the backend has no max_parallel_threads option to read. | BG21: AttributeError | BH21: AttributeError: Option max_parallel_threads is not defined | BI21: The LLM deleted the backend.set_options(...) call instead of switching to a simulator that supports those options (the reference uses AerSimulator), so the parallel settings the user asked for are never applied and the backend has no max_parallel_threads option to read. | BJ21: AttributeError | BK21: AttributeError: Option max_parallel_threads is not defined | BL21: The LLM deleted the backend.set_options(...) call instead of switching to a simulator that supports those options (the reference uses AerSimulator), so the parallel settings the user asked for are never applied and the backend has no max_parallel_threads option to read. | BM21: AttributeError | BN21: AttributeError: Option max_parallel_threads is not defined | BO21: The LLM deleted the backend.set_options(...) call instead of switching to a simulator that supports those options (the reference uses AerSimulator), so the parallel settings the user asked for are never applied and the backend has no max_parallel_threads option to read. | BP21: AttributeError | BQ21: AttributeError: Option max_parallel_threads is not defined | BR21: The LLM deleted the backend.set_options(...) call instead of switching to a simulator that supports those options (the reference uses AerSimulator), so the parallel settings the user asked for are never applied and the backend has no max_parallel_threads option to read. | BS21: AttributeError | BT21: AttributeError: Option max_parallel_threads is not defined | BU21: The LLM deleted the backend.set_options(...) call instead of switching to a simulator that supports those options (the reference uses AerSimulator), so the parallel settings the user asked for are never applied and the backend has no max_parallel_threads option to read. | BV21: AttributeError | BW21: AttributeError: Option max_parallel_threads is not defined | BX21: The LLM deleted the backend.set_options(...) call instead of switching to a simulator that supports those options (the reference uses AerSimulator), so the parallel settings the user asked for are never applied and the backend has no max_parallel_threads option to read. | BY21: AttributeError | BZ21: AttributeError: Option max_parallel_threads is not defined | CA21: The LLM deleted the backend.set_options(...) call instead of switching to a simulator that supports those options (the reference uses AerSimulator), so the parallel settings the user asked for are never applied and the backend has no max_parallel_threads option to read. | CB21: AttributeError | CC21: AttributeError: Option max_parallel_threads is not defined | CD21: The LLM deleted the backend.set_options(...) call instead of switching to a simulator that supports those options (the reference uses AerSimulator), so the parallel settings the user asked for are never applied and the backend has no max_parallel_threads option to read. | CE21: AttributeError | CF21: AttributeError: Option max_parallel_threads is not defined | CG21: The LLM deleted the backend.set_options(...) call instead of switching to a simulator that supports those options (the reference uses AerSimulator), so the parallel settings the user asked for are never applied and the backend has no max_parallel_threads option to read. | CH21: AttributeError | CI21: AttributeError: Option max_parallel_threads is not defined | CJ21: The LLM deleted the backend.set_options(...) call instead of switching to a simulator that supports those options (the reference uses AerSimulator), so the parallel settings the user asked for are never applied and the backend has no max_parallel_threads option to read. | CK21: AttributeError | CL21: AttributeError: Option max_parallel_threads is not defined | CM21: The LLM deleted the backend.set_options(...) call instead of switching to a simulator that supports those options (the reference uses AerSimulator), so the parallel settings the user asked for are never applied and the backend has no max_parallel_threads option to read. | CN21: AttributeError | CO21: AttributeError: Option max_parallel_threads is not defined | CP21: The LLM deleted the backend.set_options(...) call instead of switching to a simulator that supports those options (the reference uses AerSimulator), so the parallel settings the user asked for are never applied and the backend has no max_parallel_threads option to read. | CQ21: AttributeError | CR21: AttributeError: Option max_parallel_threads is not defined | CS21: The LLM deleted the backend.set_options(...) call instead of switching to a simulator that supports those options (the reference uses AerSimulator), so the parallel settings the user asked for are never applied and the backend has no max_parallel_threads option to read. | CT21: AttributeError | CU21: AttributeError: Option max_parallel_threads is not defined | CV21: The LLM deleted the backend.set_options(...) call instead of switching to a simulator that supports those options (the reference uses AerSimulator), so the parallel settings the user asked for are never applied and the backend has no max_parallel_threads option to read. | CW21: AttributeError | CX21: AttributeError: Option max_parallel_threads is not defined | CY21: The LLM deleted the backend.set_options(...) call instead of switching to a simulator that supports those options (the reference uses AerSimulator), so the parallel settings the user asked for are never applied and the backend has no max_parallel_threads option to read. | CZ21: AttributeError | DA21: AttributeError: Option max_parallel_threads is not defined | DB21: The LLM deleted the backend.set_options(...) call instead of switching to a simulator that supports those options (the reference uses AerSimulator), so the parallel settings the user asked for are never applied and the backend has no max_parallel_threads option to read. | DC21: AttributeError | DD21: AttributeError: Option max_parallel_threads is not defined | DE21: The LLM deleted the backend.set_options(...) call instead of switching to a simulator that supports those options (the reference uses AerSimulator), so the parallel settings the user asked for are never applied and the backend has no max_parallel_threads option to read.
A22: issue_344 | B22: Runtime error | C22: Runtime error | D22: Runtime error | E22: Runtime error | F22: Runtime error | G22: Runtime error | H22: Runtime error | I22: Runtime error | J22: Runtime error | K22: Runtime error | L22: Runtime error | M22: Runtime error | N22: NOT_TESTED | O22: NOT_TESTED | P22: NOT_TESTED | Q22: NOT_TESTED | R22: NOT_TESTED | S22: NOT_TESTED | T22: NOT_TESTED | U22: NOT_TESTED | V22: NOT_TESTED | W22: NOT_TESTED | X22: NOT_TESTED | Y22: NOT_TESTED | Z22: NOT_TESTED | AA22: NOT_TESTED | AB22: NOT_TESTED | AC22: QiskitError | AD22: qiskit.exceptions.QiskitError: 'Input quantum state is not a valid' | AE22: The LLM passed the Statevector object to entropy() but kept get_statevector(..., decimals=3); the rounded amplitudes are no longer normalized, so Qiskit rejects the state ('Input quantum state is not a valid'). The reference also removes decimals=3. | AF22: QiskitError | AG22: qiskit.exceptions.QiskitError: 'Input quantum state is not a valid' | AH22: The LLM passed the Statevector object to entropy() but kept get_statevector(..., decimals=3); the rounded amplitudes are no longer normalized, so Qiskit rejects the state ('Input quantum state is not a valid'). The reference also removes decimals=3. | AI22: QiskitError | AJ22: qiskit.exceptions.QiskitError: 'Input quantum state is not a valid' | AK22: The LLM passed the Statevector object to entropy() but kept get_statevector(..., decimals=3); the rounded amplitudes are no longer normalized, so Qiskit rejects the state ('Input quantum state is not a valid'). The reference also removes decimals=3. | AL22: QiskitError | AM22: qiskit.exceptions.QiskitError: 'Input quantum state is not a valid' | AN22: The LLM passed the Statevector object to entropy() but kept get_statevector(..., decimals=3); the rounded amplitudes are no longer normalized, so Qiskit rejects the state ('Input quantum state is not a valid'). The reference also removes decimals=3. | AO22: QiskitError | AP22: qiskit.exceptions.QiskitError: 'Input quantum state is not a valid' | AQ22: The LLM passed the Statevector object to entropy() but kept get_statevector(..., decimals=3); the rounded amplitudes are no longer normalized, so Qiskit rejects the state ('Input quantum state is not a valid'). The reference also removes decimals=3. | AR22: QiskitError | AS22: qiskit.exceptions.QiskitError: 'Input quantum state is not a valid' | AT22: The LLM passed the Statevector object to entropy() but kept get_statevector(..., decimals=3); the rounded amplitudes are no longer normalized, so Qiskit rejects the state ('Input quantum state is not a valid'). The reference also removes decimals=3. | AU22: QiskitError | AV22: qiskit.exceptions.QiskitError: 'Input quantum state is not a valid' | AW22: The LLM passed the Statevector object to entropy() but kept get_statevector(..., decimals=3); the rounded amplitudes are no longer normalized, so Qiskit rejects the state ('Input quantum state is not a valid'). The reference also removes decimals=3. | AX22: QiskitError | AY22: qiskit.exceptions.QiskitError: 'Input quantum state is not a valid' | AZ22: The LLM passed the Statevector object to entropy() but kept get_statevector(..., decimals=3); the rounded amplitudes are no longer normalized, so Qiskit rejects the state ('Input quantum state is not a valid'). The reference also removes decimals=3. | BA22: QiskitError | BB22: qiskit.exceptions.QiskitError: 'Input quantum state is not a valid' | BC22: The LLM passed the Statevector object to entropy() but kept get_statevector(..., decimals=3); the rounded amplitudes are no longer normalized, so Qiskit rejects the state ('Input quantum state is not a valid'). The reference also removes decimals=3. | BD22: QiskitError | BE22: qiskit.exceptions.QiskitError: 'Input quantum state is not a valid' | BF22: The LLM passed the Statevector object to entropy() but kept get_statevector(..., decimals=3); the rounded amplitudes are no longer normalized, so Qiskit rejects the state ('Input quantum state is not a valid'). The reference also removes decimals=3. | BG22: QiskitError | BH22: qiskit.exceptions.QiskitError: 'Input quantum state is not a valid' | BI22: The LLM passed the Statevector object to entropy() but kept get_statevector(..., decimals=3); the rounded amplitudes are no longer normalized, so Qiskit rejects the state ('Input quantum state is not a valid'). The reference also removes decimals=3. | BJ22: QiskitError | BK22: qiskit.exceptions.QiskitError: 'Input quantum state is not a valid' | BL22: The LLM passed the Statevector object to entropy() but kept get_statevector(..., decimals=3); the rounded amplitudes are no longer normalized, so Qiskit rejects the state ('Input quantum state is not a valid'). The reference also removes decimals=3.
A23: issue_362 | B23: NOT_TESTED | C23: NOT_TESTED | D23: NOT_TESTED | E23: NOT_TESTED | F23: Passed on test | G23: Passed on test | H23: Passed on test | I23: Passed on test | J23: Passed on test | K23: Passed on test | L23: Passed on test | M23: Passed on test | N23: Passed on test | O23: Passed on test | P23: Passed on test | Q23: Passed on test | R23: Passed on test | S23: Passed on test | T23: Passed on test | U23: Passed on test | V23: Passed on test | W23: Passed on test | X23: Passed on test | Y23: Passed on test | Z23: Passed on test | AA23: Passed on test | AB23: Passed on test
A24: issue_369 | B24: Runtime error | C24: Runtime error | D24: Runtime error | E24: Runtime error | F24: Runtime error | G24: Runtime error | H24: Runtime error | I24: Runtime error | J24: Runtime error | K24: Runtime error | L24: Runtime error | M24: Runtime error | N24: Runtime error | O24: Runtime error | P24: Runtime error | Q24: Runtime error | R24: Runtime error | S24: Runtime error | T24: Runtime error | U24: Runtime error | V24: Runtime error | W24: Runtime error | X24: Runtime error | Y24: Runtime error | Z24: Runtime error | AA24: Runtime error | AB24: Runtime error | AC24: CircuitError | AD24: qiskit.circuit.exceptions.CircuitError: 'The amount of qubit(3)/clbit(0) arguments does not match the gate expectation (4).' | AE24: The LLM's compose fix (all 17 qubits instead of [i]) matches the reference, but it also invented an extra line, sub.append(C3XGate(), [14, 6, 7]), which gives a 4-qubit gate only 3 qubits, so building the circuit raises CircuitError. With that line removed the fix passes. | AF24: CircuitError | AG24: qiskit.circuit.exceptions.CircuitError: 'The amount of qubit(3)/clbit(0) arguments does not match the gate expectation (4).' | AH24: The LLM's compose fix (all 17 qubits instead of [i]) matches the reference, but it also invented an extra line, sub.append(C3XGate(), [14, 6, 7]), which gives a 4-qubit gate only 3 qubits, so building the circuit raises CircuitError. With that line removed the fix passes. | AI24: CircuitError | AJ24: qiskit.circuit.exceptions.CircuitError: 'The amount of qubit(3)/clbit(0) arguments does not match the gate expectation (4).' | AK24: The LLM's compose fix (all 17 qubits instead of [i]) matches the reference, but it also invented an extra line, sub.append(C3XGate(), [14, 6, 7]), which gives a 4-qubit gate only 3 qubits, so building the circuit raises CircuitError. With that line removed the fix passes. | AL24: CircuitError | AM24: qiskit.circuit.exceptions.CircuitError: 'The amount of qubit(3)/clbit(0) arguments does not match the gate expectation (4).' | AN24: The LLM's compose fix (all 17 qubits instead of [i]) matches the reference, but it also invented an extra line, sub.append(C3XGate(), [14, 6, 7]), which gives a 4-qubit gate only 3 qubits, so building the circuit raises CircuitError. With that line removed the fix passes. | AO24: CircuitError | AP24: qiskit.circuit.exceptions.CircuitError: 'The amount of qubit(3)/clbit(0) arguments does not match the gate expectation (4).' | AQ24: The LLM's compose fix (all 17 qubits instead of [i]) matches the reference, but it also invented an extra line, sub.append(C3XGate(), [14, 6, 7]), which gives a 4-qubit gate only 3 qubits, so building the circuit raises CircuitError. With that line removed the fix passes. | AR24: CircuitError | AS24: qiskit.circuit.exceptions.CircuitError: 'The amount of qubit(3)/clbit(0) arguments does not match the gate expectation (4).' | AT24: The LLM's compose fix (all 17 qubits instead of [i]) matches the reference, but it also invented an extra line, sub.append(C3XGate(), [14, 6, 7]), which gives a 4-qubit gate only 3 qubits, so building the circuit raises CircuitError. With that line removed the fix passes. | AU24: CircuitError | AV24: qiskit.circuit.exceptions.CircuitError: 'The amount of qubit(3)/clbit(0) arguments does not match the gate expectation (4).' | AW24: The LLM's compose fix (all 17 qubits instead of [i]) matches the reference, but it also invented an extra line, sub.append(C3XGate(), [14, 6, 7]), which gives a 4-qubit gate only 3 qubits, so building the circuit raises CircuitError. With that line removed the fix passes. | AX24: CircuitError | AY24: qiskit.circuit.exceptions.CircuitError: 'The amount of qubit(3)/clbit(0) arguments does not match the gate expectation (4).' | AZ24: The LLM's compose fix (all 17 qubits instead of [i]) matches the reference, but it also invented an extra line, sub.append(C3XGate(), [14, 6, 7]), which gives a 4-qubit gate only 3 qubits, so building the circuit raises CircuitError. With that line removed the fix passes. | BA24: CircuitError | BB24: qiskit.circuit.exceptions.CircuitError: 'The amount of qubit(3)/clbit(0) arguments does not match the gate expectation (4).' | BC24: The LLM's compose fix (all 17 qubits instead of [i]) matches the reference, but it also invented an extra line, sub.append(C3XGate(), [14, 6, 7]), which gives a 4-qubit gate only 3 qubits, so building the circuit raises CircuitError. With that line removed the fix passes. | BD24: CircuitError | BE24: qiskit.circuit.exceptions.CircuitError: 'The amount of qubit(3)/clbit(0) arguments does not match the gate expectation (4).' | BF24: The LLM's compose fix (all 17 qubits instead of [i]) matches the reference, but it also invented an extra line, sub.append(C3XGate(), [14, 6, 7]), which gives a 4-qubit gate only 3 qubits, so building the circuit raises CircuitError. With that line removed the fix passes. | BG24: CircuitError | BH24: qiskit.circuit.exceptions.CircuitError: 'The amount of qubit(3)/clbit(0) arguments does not match the gate expectation (4).' | BI24: The LLM's compose fix (all 17 qubits instead of [i]) matches the reference, but it also invented an extra line, sub.append(C3XGate(), [14, 6, 7]), which gives a 4-qubit gate only 3 qubits, so building the circuit raises CircuitError. With that line removed the fix passes. | BJ24: CircuitError | BK24: qiskit.circuit.exceptions.CircuitError: 'The amount of qubit(3)/clbit(0) arguments does not match the gate expectation (4).' | BL24: The LLM's compose fix (all 17 qubits instead of [i]) matches the reference, but it also invented an extra line, sub.append(C3XGate(), [14, 6, 7]), which gives a 4-qubit gate only 3 qubits, so building the circuit raises CircuitError. With that line removed the fix passes. | BM24: CircuitError | BN24: qiskit.circuit.exceptions.CircuitError: 'The amount of qubit(3)/clbit(0) arguments does not match the gate expectation (4).' | BO24: The LLM's compose fix (all 17 qubits instead of [i]) matches the reference, but it also invented an extra line, sub.append(C3XGate(), [14, 6, 7]), which gives a 4-qubit gate only 3 qubits, so building the circuit raises CircuitError. With that line removed the fix passes. | BP24: CircuitError | BQ24: qiskit.circuit.exceptions.CircuitError: 'The amount of qubit(3)/clbit(0) arguments does not match the gate expectation (4).' | BR24: The LLM's compose fix (all 17 qubits instead of [i]) matches the reference, but it also invented an extra line, sub.append(C3XGate(), [14, 6, 7]), which gives a 4-qubit gate only 3 qubits, so building the circuit raises CircuitError. With that line removed the fix passes. | BS24: CircuitError | BT24: qiskit.circuit.exceptions.CircuitError: 'The amount of qubit(3)/clbit(0) arguments does not match the gate expectation (4).' | BU24: The LLM's compose fix (all 17 qubits instead of [i]) matches the reference, but it also invented an extra line, sub.append(C3XGate(), [14, 6, 7]), which gives a 4-qubit gate only 3 qubits, so building the circuit raises CircuitError. With that line removed the fix passes. | BV24: CircuitError | BW24: qiskit.circuit.exceptions.CircuitError: 'The amount of qubit(3)/clbit(0) arguments does not match the gate expectation (4).' | BX24: The LLM's compose fix (all 17 qubits instead of [i]) matches the reference, but it also invented an extra line, sub.append(C3XGate(), [14, 6, 7]), which gives a 4-qubit gate only 3 qubits, so building the circuit raises CircuitError. With that line removed the fix passes. | BY24: CircuitError | BZ24: qiskit.circuit.exceptions.CircuitError: 'The amount of qubit(3)/clbit(0) arguments does not match the gate expectation (4).' | CA24: The LLM's compose fix (all 17 qubits instead of [i]) matches the reference, but it also invented an extra line, sub.append(C3XGate(), [14, 6, 7]), which gives a 4-qubit gate only 3 qubits, so building the circuit raises CircuitError. With that line removed the fix passes. | CB24: CircuitError | CC24: qiskit.circuit.exceptions.CircuitError: 'The amount of qubit(3)/clbit(0) arguments does not match the gate expectation (4).' | CD24: The LLM's compose fix (all 17 qubits instead of [i]) matches the reference, but it also invented an extra line, sub.append(C3XGate(), [14, 6, 7]), which gives a 4-qubit gate only 3 qubits, so building the circuit raises CircuitError. With that line removed the fix passes. | CE24: CircuitError | CF24: qiskit.circuit.exceptions.CircuitError: 'The amount of qubit(3)/clbit(0) arguments does not match the gate expectation (4).' | CG24: The LLM's compose fix (all 17 qubits instead of [i]) matches the reference, but it also invented an extra line, sub.append(C3XGate(), [14, 6, 7]), which gives a 4-qubit gate only 3 qubits, so building the circuit raises CircuitError. With that line removed the fix passes. | CH24: CircuitError | CI24: qiskit.circuit.exceptions.CircuitError: 'The amount of qubit(3)/clbit(0) arguments does not match the gate expectation (4).' | CJ24: The LLM's compose fix (all 17 qubits instead of [i]) matches the reference, but it also invented an extra line, sub.append(C3XGate(), [14, 6, 7]), which gives a 4-qubit gate only 3 qubits, so building the circuit raises CircuitError. With that line removed the fix passes. | CK24: CircuitError | CL24: qiskit.circuit.exceptions.CircuitError: 'The amount of qubit(3)/clbit(0) arguments does not match the gate expectation (4).' | CM24: The LLM's compose fix (all 17 qubits instead of [i]) matches the reference, but it also invented an extra line, sub.append(C3XGate(), [14, 6, 7]), which gives a 4-qubit gate only 3 qubits, so building the circuit raises CircuitError. With that line removed the fix passes. | CN24: CircuitError | CO24: qiskit.circuit.exceptions.CircuitError: 'The amount of qubit(3)/clbit(0) arguments does not match the gate expectation (4).' | CP24: The LLM's compose fix (all 17 qubits instead of [i]) matches the reference, but it also invented an extra line, sub.append(C3XGate(), [14, 6, 7]), which gives a 4-qubit gate only 3 qubits, so building the circuit raises CircuitError. With that line removed the fix passes. | CQ24: CircuitError | CR24: qiskit.circuit.exceptions.CircuitError: 'The amount of qubit(3)/clbit(0) arguments does not match the gate expectation (4).' | CS24: The LLM's compose fix (all 17 qubits instead of [i]) matches the reference, but it also invented an extra line, sub.append(C3XGate(), [14, 6, 7]), which gives a 4-qubit gate only 3 qubits, so building the circuit raises CircuitError. With that line removed the fix passes. | CT24: CircuitError | CU24: qiskit.circuit.exceptions.CircuitError: 'The amount of qubit(3)/clbit(0) arguments does not match the gate expectation (4).' | CV24: The LLM's compose fix (all 17 qubits instead of [i]) matches the reference, but it also invented an extra line, sub.append(C3XGate(), [14, 6, 7]), which gives a 4-qubit gate only 3 qubits, so building the circuit raises CircuitError. With that line removed the fix passes. | CW24: CircuitError | CX24: qiskit.circuit.exceptions.CircuitError: 'The amount of qubit(3)/clbit(0) arguments does not match the gate expectation (4).' | CY24: The LLM's compose fix (all 17 qubits instead of [i]) matches the reference, but it also invented an extra line, sub.append(C3XGate(), [14, 6, 7]), which gives a 4-qubit gate only 3 qubits, so building the circuit raises CircuitError. With that line removed the fix passes. | CZ24: CircuitError | DA24: qiskit.circuit.exceptions.CircuitError: 'The amount of qubit(3)/clbit(0) arguments does not match the gate expectation (4).' | DB24: The LLM's compose fix (all 17 qubits instead of [i]) matches the reference, but it also invented an extra line, sub.append(C3XGate(), [14, 6, 7]), which gives a 4-qubit gate only 3 qubits, so building the circuit raises CircuitError. With that line removed the fix passes. | DC24: CircuitError | DD24: qiskit.circuit.exceptions.CircuitError: 'The amount of qubit(3)/clbit(0) arguments does not match the gate expectation (4).' | DE24: The LLM's compose fix (all 17 qubits instead of [i]) matches the reference, but it also invented an extra line, sub.append(C3XGate(), [14, 6, 7]), which gives a 4-qubit gate only 3 qubits, so building the circuit raises CircuitError. With that line removed the fix passes.
A25: issue_396 | B25: Passed on test | C25: Passed on test | D25: Passed on test | E25: Passed on test | F25: Passed on test | G25: Passed on test | H25: Passed on test | I25: Passed on test | J25: Passed on test | K25: Passed on test | L25: Passed on test | M25: Passed on test | N25: Runtime error | O25: Runtime error | P25: Runtime error | Q25: Runtime error | R25: Runtime error | S25: Runtime error | T25: Runtime error | U25: Runtime error | V25: Runtime error | W25: Runtime error | X25: Runtime error | Y25: Runtime error | Z25: Runtime error | AA25: Runtime error | AB25: Runtime error | BM25: AttributeError | BN25: AttributeError: 'QuantumCircuit' object has no attribute 'diagonal' | BO25: The LLM built the oracle with QuantumCircuit.diagonal(), which was removed in Qiskit 1.0, so the script crashes with AttributeError on 1.x and 2.x. | BP25: AttributeError | BQ25: AttributeError: 'QuantumCircuit' object has no attribute 'diagonal' | BR25: The LLM built the oracle with QuantumCircuit.diagonal(), which was removed in Qiskit 1.0, so the script crashes with AttributeError on 1.x and 2.x. | BS25: AttributeError | BT25: AttributeError: 'QuantumCircuit' object has no attribute 'diagonal' | BU25: The LLM built the oracle with QuantumCircuit.diagonal(), which was removed in Qiskit 1.0, so the script crashes with AttributeError on 1.x and 2.x. | BV25: AttributeError | BW25: AttributeError: 'QuantumCircuit' object has no attribute 'diagonal' | BX25: The LLM built the oracle with QuantumCircuit.diagonal(), which was removed in Qiskit 1.0, so the script crashes with AttributeError on 1.x and 2.x. | BY25: AttributeError | BZ25: AttributeError: 'QuantumCircuit' object has no attribute 'diagonal' | CA25: The LLM built the oracle with QuantumCircuit.diagonal(), which was removed in Qiskit 1.0, so the script crashes with AttributeError on 1.x and 2.x. | CB25: AttributeError | CC25: AttributeError: 'QuantumCircuit' object has no attribute 'diagonal' | CD25: The LLM built the oracle with QuantumCircuit.diagonal(), which was removed in Qiskit 1.0, so the script crashes with AttributeError on 1.x and 2.x. | CE25: AttributeError | CF25: AttributeError: 'QuantumCircuit' object has no attribute 'diagonal' | CG25: The LLM built the oracle with QuantumCircuit.diagonal(), which was removed in Qiskit 1.0, so the script crashes with AttributeError on 1.x and 2.x. | CH25: AttributeError | CI25: AttributeError: 'QuantumCircuit' object has no attribute 'diagonal' | CJ25: The LLM built the oracle with QuantumCircuit.diagonal(), which was removed in Qiskit 1.0, so the script crashes with AttributeError on 1.x and 2.x. | CK25: AttributeError | CL25: AttributeError: 'QuantumCircuit' object has no attribute 'diagonal' | CM25: The LLM built the oracle with QuantumCircuit.diagonal(), which was removed in Qiskit 1.0, so the script crashes with AttributeError on 1.x and 2.x. | CN25: AttributeError | CO25: AttributeError: 'QuantumCircuit' object has no attribute 'diagonal' | CP25: The LLM built the oracle with QuantumCircuit.diagonal(), which was removed in Qiskit 1.0, so the script crashes with AttributeError on 1.x and 2.x. | CQ25: AttributeError | CR25: AttributeError: 'QuantumCircuit' object has no attribute 'diagonal' | CS25: The LLM built the oracle with QuantumCircuit.diagonal(), which was removed in Qiskit 1.0, so the script crashes with AttributeError on 1.x and 2.x. | CT25: AttributeError | CU25: AttributeError: 'QuantumCircuit' object has no attribute 'diagonal' | CV25: The LLM built the oracle with QuantumCircuit.diagonal(), which was removed in Qiskit 1.0, so the script crashes with AttributeError on 1.x and 2.x. | CW25: AttributeError | CX25: AttributeError: 'QuantumCircuit' object has no attribute 'diagonal' | CY25: The LLM built the oracle with QuantumCircuit.diagonal(), which was removed in Qiskit 1.0, so the script crashes with AttributeError on 1.x and 2.x. | CZ25: AttributeError | DA25: AttributeError: 'QuantumCircuit' object has no attribute 'diagonal' | DB25: The LLM built the oracle with QuantumCircuit.diagonal(), which was removed in Qiskit 1.0, so the script crashes with AttributeError on 1.x and 2.x. | DC25: AttributeError | DD25: AttributeError: 'QuantumCircuit' object has no attribute 'diagonal' | DE25: The LLM built the oracle with QuantumCircuit.diagonal(), which was removed in Qiskit 1.0, so the script crashes with AttributeError on 1.x and 2.x.
A26: issue_415 | B26: Failed on test | C26: Failed on test | D26: Failed on test | E26: Failed on test | F26: NOT_TESTED | G26: NOT_TESTED | H26: NOT_TESTED | I26: NOT_TESTED | J26: NOT_TESTED | K26: NOT_TESTED | L26: NOT_TESTED | M26: NOT_TESTED | N26: NOT_TESTED | O26: NOT_TESTED | P26: NOT_TESTED | Q26: NOT_TESTED | R26: NOT_TESTED | S26: NOT_TESTED | T26: NOT_TESTED | U26: NOT_TESTED | V26: NOT_TESTED | W26: NOT_TESTED | X26: NOT_TESTED | Y26: NOT_TESTED | Z26: NOT_TESTED | AA26: NOT_TESTED | AB26: NOT_TESTED | AC26: AssertionError | AD26: AssertionError: Not equal to tolerance rtol=1e-07, atol=1e-12 | AE26: The LLM made theta real correctly but computed phi from the |1> amplitude alone (phi = -pi/2), ignoring the pi/4 phase of the |0> amplitude; the relative phase should be 5*pi/4, so the circuit prepares the wrong state (the global_phase line it added cannot fix a relative phase). | AF26: AssertionError | AG26: AssertionError: Not equal to tolerance rtol=1e-07, atol=1e-12 | AH26: The LLM made theta real correctly but computed phi from the |1> amplitude alone (phi = -pi/2), ignoring the pi/4 phase of the |0> amplitude; the relative phase should be 5*pi/4, so the circuit prepares the wrong state (the global_phase line it added cannot fix a relative phase). | AI26: AssertionError | AJ26: AssertionError: Not equal to tolerance rtol=1e-07, atol=1e-12 | AK26: The LLM made theta real correctly but computed phi from the |1> amplitude alone (phi = -pi/2), ignoring the pi/4 phase of the |0> amplitude; the relative phase should be 5*pi/4, so the circuit prepares the wrong state (the global_phase line it added cannot fix a relative phase). | AL26: AssertionError | AM26: AssertionError: Not equal to tolerance rtol=1e-07, atol=1e-12 | AN26: The LLM made theta real correctly but computed phi from the |1> amplitude alone (phi = -pi/2), ignoring the pi/4 phase of the |0> amplitude; the relative phase should be 5*pi/4, so the circuit prepares the wrong state (the global_phase line it added cannot fix a relative phase).
A27: issue_436 | B27: Passed on test | C27: Passed on test | D27: Passed on test | E27: Passed on test | F27: NOT_TESTED | G27: NOT_TESTED | H27: NOT_TESTED | I27: NOT_TESTED | J27: NOT_TESTED | K27: NOT_TESTED | L27: NOT_TESTED | M27: NOT_TESTED | N27: NOT_TESTED | O27: NOT_TESTED | P27: NOT_TESTED | Q27: NOT_TESTED | R27: NOT_TESTED | S27: NOT_TESTED | T27: NOT_TESTED | U27: NOT_TESTED | V27: NOT_TESTED | W27: NOT_TESTED | X27: NOT_TESTED | Y27: NOT_TESTED | Z27: NOT_TESTED | AA27: NOT_TESTED | AB27: NOT_TESTED
A28: issue_443 | B28: Passed on test | C28: Passed on test | D28: Passed on test | E28: Passed on test | F28: Passed on test | G28: Passed on test | H28: Passed on test | I28: Passed on test | J28: Passed on test | K28: Passed on test | L28: Passed on test | M28: Passed on test | N28: Passed on test | O28: Passed on test | P28: Passed on test | Q28: Passed on test | R28: Passed on test | S28: Passed on test | T28: Passed on test | U28: Passed on test | V28: Passed on test | W28: Passed on test | X28: Passed on test | Y28: Passed on test | Z28: Passed on test | AA28: Passed on test | AB28: Passed on test
A29: issue_453 | B29: NOT_TESTED | C29: NOT_TESTED | D29: NOT_TESTED | E29: NOT_TESTED | F29: Failed on test | G29: Failed on test | H29: Failed on test | I29: Failed on test | J29: Failed on test | K29: Failed on test | L29: Failed on test | M29: Failed on test | N29: Failed on test | O29: Failed on test | P29: Failed on test | Q29: Failed on test | R29: Failed on test | S29: Failed on test | T29: Failed on test | U29: Failed on test | V29: Failed on test | W29: Failed on test | X29: Failed on test | Y29: Failed on test | Z29: Failed on test | AA29: Failed on test | AB29: Failed on test | AO29: AssertionError | AP29: AssertionError: 0 != 2 | AQ29: The LLM made the main circuit 6 qubits wide and composed qc1 onto all 6, so the resulting state is right, but the extra qubits are plain qubits rather than ancillas and nothing is added automatically. The test expects 2 ancilla qubits and calls compose_with_auto_ancillas, a helper from the Stack Overflow answer that the question never names. | AR29: AssertionError | AS29: AssertionError: 0 != 2 | AT29: The LLM made the main circuit 6 qubits wide and composed qc1 onto all 6, so the resulting state is right, but the extra qubits are plain qubits rather than ancillas and nothing is added automatically. The test expects 2 ancilla qubits and calls compose_with_auto_ancillas, a helper from the Stack Overflow answer that the question never names. | AU29: AssertionError | AV29: AssertionError: 0 != 2 | AW29: The LLM made the main circuit 6 qubits wide and composed qc1 onto all 6, so the resulting state is right, but the extra qubits are plain qubits rather than ancillas and nothing is added automatically. The test expects 2 ancilla qubits and calls compose_with_auto_ancillas, a helper from the Stack Overflow answer that the question never names. | AX29: AssertionError | AY29: AssertionError: 0 != 2 | AZ29: The LLM made the main circuit 6 qubits wide and composed qc1 onto all 6, so the resulting state is right, but the extra qubits are plain qubits rather than ancillas and nothing is added automatically. The test expects 2 ancilla qubits and calls compose_with_auto_ancillas, a helper from the Stack Overflow answer that the question never names. | BA29: AssertionError | BB29: AssertionError: 0 != 2 | BC29: The LLM made the main circuit 6 qubits wide and composed qc1 onto all 6, so the resulting state is right, but the extra qubits are plain qubits rather than ancillas and nothing is added automatically. The test expects 2 ancilla qubits and calls compose_with_auto_ancillas, a helper from the Stack Overflow answer that the question never names. | BD29: AssertionError | BE29: AssertionError: 0 != 2 | BF29: The LLM made the main circuit 6 qubits wide and composed qc1 onto all 6, so the resulting state is right, but the extra qubits are plain qubits rather than ancillas and nothing is added automatically. The test expects 2 ancilla qubits and calls compose_with_auto_ancillas, a helper from the Stack Overflow answer that the question never names. | BG29: AssertionError | BH29: AssertionError: 0 != 2 | BI29: The LLM made the main circuit 6 qubits wide and composed qc1 onto all 6, so the resulting state is right, but the extra qubits are plain qubits rather than ancillas and nothing is added automatically. The test expects 2 ancilla qubits and calls compose_with_auto_ancillas, a helper from the Stack Overflow answer that the question never names. | BJ29: AssertionError | BK29: AssertionError: 0 != 2 | BL29: The LLM made the main circuit 6 qubits wide and composed qc1 onto all 6, so the resulting state is right, but the extra qubits are plain qubits rather than ancillas and nothing is added automatically. The test expects 2 ancilla qubits and calls compose_with_auto_ancillas, a helper from the Stack Overflow answer that the question never names. | BM29: AssertionError | BN29: AssertionError: 0 != 2 | BO29: The LLM made the main circuit 6 qubits wide and composed qc1 onto all 6, so the resulting state is right, but the extra qubits are plain qubits rather than ancillas and nothing is added automatically. The test expects 2 ancilla qubits and calls compose_with_auto_ancillas, a helper from the Stack Overflow answer that the question never names. | BP29: AssertionError | BQ29: AssertionError: 0 != 2 | BR29: The LLM made the main circuit 6 qubits wide and composed qc1 onto all 6, so the resulting state is right, but the extra qubits are plain qubits rather than ancillas and nothing is added automatically. The test expects 2 ancilla qubits and calls compose_with_auto_ancillas, a helper from the Stack Overflow answer that the question never names. | BS29: AssertionError | BT29: AssertionError: 0 != 2 | BU29: The LLM made the main circuit 6 qubits wide and composed qc1 onto all 6, so the resulting state is right, but the extra qubits are plain qubits rather than ancillas and nothing is added automatically. The test expects 2 ancilla qubits and calls compose_with_auto_ancillas, a helper from the Stack Overflow answer that the question never names. | BV29: AssertionError | BW29: AssertionError: 0 != 2 | BX29: The LLM made the main circuit 6 qubits wide and composed qc1 onto all 6, so the resulting state is right, but the extra qubits are plain qubits rather than ancillas and nothing is added automatically. The test expects 2 ancilla qubits and calls compose_with_auto_ancillas, a helper from the Stack Overflow answer that the question never names. | BY29: AssertionError | BZ29: AssertionError: 0 != 2 | CA29: The LLM made the main circuit 6 qubits wide and composed qc1 onto all 6, so the resulting state is right, but the extra qubits are plain qubits rather than ancillas and nothing is added automatically. The test expects 2 ancilla qubits and calls compose_with_auto_ancillas, a helper from the Stack Overflow answer that the question never names. | CB29: AssertionError | CC29: AssertionError: 0 != 2 | CD29: The LLM made the main circuit 6 qubits wide and composed qc1 onto all 6, so the resulting state is right, but the extra qubits are plain qubits rather than ancillas and nothing is added automatically. The test expects 2 ancilla qubits and calls compose_with_auto_ancillas, a helper from the Stack Overflow answer that the question never names. | CE29: AssertionError | CF29: AssertionError: 0 != 2 | CG29: The LLM made the main circuit 6 qubits wide and composed qc1 onto all 6, so the resulting state is right, but the extra qubits are plain qubits rather than ancillas and nothing is added automatically. The test expects 2 ancilla qubits and calls compose_with_auto_ancillas, a helper from the Stack Overflow answer that the question never names. | CH29: AssertionError | CI29: AssertionError: 0 != 2 | CJ29: The LLM made the main circuit 6 qubits wide and composed qc1 onto all 6, so the resulting state is right, but the extra qubits are plain qubits rather than ancillas and nothing is added automatically. The test expects 2 ancilla qubits and calls compose_with_auto_ancillas, a helper from the Stack Overflow answer that the question never names. | CK29: AssertionError | CL29: AssertionError: 0 != 2 | CM29: The LLM made the main circuit 6 qubits wide and composed qc1 onto all 6, so the resulting state is right, but the extra qubits are plain qubits rather than ancillas and nothing is added automatically. The test expects 2 ancilla qubits and calls compose_with_auto_ancillas, a helper from the Stack Overflow answer that the question never names. | CN29: AssertionError | CO29: AssertionError: 0 != 2 | CP29: The LLM made the main circuit 6 qubits wide and composed qc1 onto all 6, so the resulting state is right, but the extra qubits are plain qubits rather than ancillas and nothing is added automatically. The test expects 2 ancilla qubits and calls compose_with_auto_ancillas, a helper from the Stack Overflow answer that the question never names. | CQ29: AssertionError | CR29: AssertionError: 0 != 2 | CS29: The LLM made the main circuit 6 qubits wide and composed qc1 onto all 6, so the resulting state is right, but the extra qubits are plain qubits rather than ancillas and nothing is added automatically. The test expects 2 ancilla qubits and calls compose_with_auto_ancillas, a helper from the Stack Overflow answer that the question never names. | CT29: AssertionError | CU29: AssertionError: 0 != 2 | CV29: The LLM made the main circuit 6 qubits wide and composed qc1 onto all 6, so the resulting state is right, but the extra qubits are plain qubits rather than ancillas and nothing is added automatically. The test expects 2 ancilla qubits and calls compose_with_auto_ancillas, a helper from the Stack Overflow answer that the question never names. | CW29: AssertionError | CX29: AssertionError: 0 != 2 | CY29: The LLM made the main circuit 6 qubits wide and composed qc1 onto all 6, so the resulting state is right, but the extra qubits are plain qubits rather than ancillas and nothing is added automatically. The test expects 2 ancilla qubits and calls compose_with_auto_ancillas, a helper from the Stack Overflow answer that the question never names. | CZ29: AssertionError | DA29: AssertionError: 0 != 2 | DB29: The LLM made the main circuit 6 qubits wide and composed qc1 onto all 6, so the resulting state is right, but the extra qubits are plain qubits rather than ancillas and nothing is added automatically. The test expects 2 ancilla qubits and calls compose_with_auto_ancillas, a helper from the Stack Overflow answer that the question never names. | DC29: AssertionError | DD29: AssertionError: 0 != 2 | DE29: The LLM made the main circuit 6 qubits wide and composed qc1 onto all 6, so the resulting state is right, but the extra qubits are plain qubits rather than ancillas and nothing is added automatically. The test expects 2 ancilla qubits and calls compose_with_auto_ancillas, a helper from the Stack Overflow answer that the question never names.
A30: issue_468 | B30: Runtime error | C30: Runtime error | D30: Runtime error | E30: Runtime error | F30: NOT_TESTED | G30: NOT_TESTED | H30: NOT_TESTED | I30: NOT_TESTED | J30: NOT_TESTED | K30: NOT_TESTED | L30: NOT_TESTED | M30: NOT_TESTED | N30: NOT_TESTED | O30: NOT_TESTED | P30: NOT_TESTED | Q30: NOT_TESTED | R30: NOT_TESTED | S30: NOT_TESTED | T30: NOT_TESTED | U30: NOT_TESTED | V30: NOT_TESTED | W30: NOT_TESTED | X30: NOT_TESTED | Y30: NOT_TESTED | Z30: NOT_TESTED | AA30: NOT_TESTED | AB30: NOT_TESTED | AC30: ValueError | AD30: ValueError: Operators can only be scalar multiplied by float or complex, not Operator([[1.+0.j, 0.+0.j], [0.+0.j, 0.+0.j]], input_dims=(2,), output_dims=(2,)) of type <class 'qiskit.aqua.operators.primitive_ops.matrix_op.MatrixOp'>. | AE30: The LLM wrapped the density matrices in MatrixOp, but Aqua's legacy commutator() multiplies its inputs with *, which for MatrixOp means scalar multiplication, so it raises ValueError; the reference rewrites the two operators as WeightedPauliOperators. | AF30: ValueError | AG30: ValueError: Operators can only be scalar multiplied by float or complex, not Operator([[1.+0.j, 0.+0.j], [0.+0.j, 0.+0.j]], input_dims=(2,), output_dims=(2,)) of type <class 'qiskit.aqua.operators.primitive_ops.matrix_op.MatrixOp'>. | AH30: The LLM wrapped the density matrices in MatrixOp, but Aqua's legacy commutator() multiplies its inputs with *, which for MatrixOp means scalar multiplication, so it raises ValueError; the reference rewrites the two operators as WeightedPauliOperators. | AI30: ValueError | AJ30: ValueError: Operators can only be scalar multiplied by float or complex, not Operator([[1.+0.j, 0.+0.j], [0.+0.j, 0.+0.j]], input_dims=(2,), output_dims=(2,)) of type <class 'qiskit.aqua.operators.primitive_ops.matrix_op.MatrixOp'>. | AK30: The LLM wrapped the density matrices in MatrixOp, but Aqua's legacy commutator() multiplies its inputs with *, which for MatrixOp means scalar multiplication, so it raises ValueError; the reference rewrites the two operators as WeightedPauliOperators. | AL30: ValueError | AM30: ValueError: Operators can only be scalar multiplied by float or complex, not Operator([[1.+0.j, 0.+0.j], [0.+0.j, 0.+0.j]], input_dims=(2,), output_dims=(2,)) of type <class 'qiskit.aqua.operators.primitive_ops.matrix_op.MatrixOp'>. | AN30: The LLM wrapped the density matrices in MatrixOp, but Aqua's legacy commutator() multiplies its inputs with *, which for MatrixOp means scalar multiplication, so it raises ValueError; the reference rewrites the two operators as WeightedPauliOperators.
A31: issue_497 | B31: Passed on test | C31: Passed on test | D31: Passed on test | E31: Passed on test | F31: NOT_TESTED | G31: NOT_TESTED | H31: NOT_TESTED | I31: NOT_TESTED | J31: NOT_TESTED | K31: NOT_TESTED | L31: NOT_TESTED | M31: NOT_TESTED | N31: NOT_TESTED | O31: NOT_TESTED | P31: NOT_TESTED | Q31: NOT_TESTED | R31: NOT_TESTED | S31: NOT_TESTED | T31: NOT_TESTED | U31: NOT_TESTED | V31: NOT_TESTED | W31: NOT_TESTED | X31: NOT_TESTED | Y31: NOT_TESTED | Z31: NOT_TESTED | AA31: NOT_TESTED | AB31: NOT_TESTED
A32: issue_504 | B32: NOT_TESTED | C32: NOT_TESTED | D32: NOT_TESTED | E32: NOT_TESTED | F32: Passed on test | G32: Passed on test | H32: Passed on test | I32: Passed on test | J32: Passed on test | K32: Passed on test | L32: Passed on test | M32: Passed on test | N32: Passed on test | O32: Passed on test | P32: Passed on test | Q32: Passed on test | R32: Passed on test | S32: Passed on test | T32: Passed on test | U32: Passed on test | V32: Passed on test | W32: Passed on test | X32: Passed on test | Y32: Passed on test | Z32: Passed on test | AA32: Passed on test | AB32: Passed on test
A33: issue_505 | B33: NOT_TESTED | C33: NOT_TESTED | D33: NOT_TESTED | E33: NOT_TESTED | F33: Passed on test | G33: Passed on test | H33: Passed on test | I33: Passed on test | J33: Passed on test | K33: Passed on test | L33: Passed on test | M33: Passed on test | N33: NOT_TESTED | O33: NOT_TESTED | P33: NOT_TESTED | Q33: NOT_TESTED | R33: NOT_TESTED | S33: NOT_TESTED | T33: NOT_TESTED | U33: NOT_TESTED | V33: NOT_TESTED | W33: NOT_TESTED | X33: NOT_TESTED | Y33: NOT_TESTED | Z33: NOT_TESTED | AA33: NOT_TESTED | AB33: NOT_TESTED
A34: issue_565 | B34: Runtime error | C34: Runtime error | D34: Runtime error | E34: Runtime error | F34: NOT_TESTED | G34: NOT_TESTED | H34: NOT_TESTED | I34: NOT_TESTED | J34: NOT_TESTED | K34: NOT_TESTED | L34: NOT_TESTED | M34: NOT_TESTED | N34: NOT_TESTED | O34: NOT_TESTED | P34: NOT_TESTED | Q34: NOT_TESTED | R34: NOT_TESTED | S34: NOT_TESTED | T34: NOT_TESTED | U34: NOT_TESTED | V34: NOT_TESTED | W34: NOT_TESTED | X34: NOT_TESTED | Y34: NOT_TESTED | Z34: NOT_TESTED | AA34: NOT_TESTED | AB34: NOT_TESTED | AC34: ValueError | AD34: ValueError: Operators can only be scalar multiplied by float or complex, not SummedOp([ IIIXIIIII, IIIYIIIII ]) of type <class 'qiskit.aqua.operators.list_ops.summed_op.SummedOp'>. | AE34: The LLM wrapped each Pauli in Aqua's PauliOp but kept the *= products; in Aqua, * means scalar multiplication (composition is @ / compose), so multiplying two operators raises ValueError while the mixer is built. The reference rewrites the mixer as a hand-expanded sum of Pauli terms. | AF34: ValueError | AG34: ValueError: Operators can only be scalar multiplied by float or complex, not SummedOp([ IIIXIIIII, IIIYIIIII ]) of type <class 'qiskit.aqua.operators.list_ops.summed_op.SummedOp'>. | AH34: The LLM wrapped each Pauli in Aqua's PauliOp but kept the *= products; in Aqua, * means scalar multiplication (composition is @ / compose), so multiplying two operators raises ValueError while the mixer is built. The reference rewrites the mixer as a hand-expanded sum of Pauli terms. | AI34: ValueError | AJ34: ValueError: Operators can only be scalar multiplied by float or complex, not SummedOp([ IIIXIIIII, IIIYIIIII ]) of type <class 'qiskit.aqua.operators.list_ops.summed_op.SummedOp'>. | AK34: The LLM wrapped each Pauli in Aqua's PauliOp but kept the *= products; in Aqua, * means scalar multiplication (composition is @ / compose), so multiplying two operators raises ValueError while the mixer is built. The reference rewrites the mixer as a hand-expanded sum of Pauli terms. | AL34: ValueError | AM34: ValueError: Operators can only be scalar multiplied by float or complex, not SummedOp([ IIIXIIIII, IIIYIIIII ]) of type <class 'qiskit.aqua.operators.list_ops.summed_op.SummedOp'>. | AN34: The LLM wrapped each Pauli in Aqua's PauliOp but kept the *= products; in Aqua, * means scalar multiplication (composition is @ / compose), so multiplying two operators raises ValueError while the mixer is built. The reference rewrites the mixer as a hand-expanded sum of Pauli terms.
A35: issue_595 | B35: NOT_TESTED | C35: NOT_TESTED | D35: NOT_TESTED | E35: NOT_TESTED | F35: Passed on test | G35: Passed on test | H35: Passed on test | I35: Passed on test | J35: Passed on test | K35: Passed on test | L35: Passed on test | M35: Passed on test | N35: Passed on test | O35: Passed on test | P35: Passed on test | Q35: Passed on test | R35: Passed on test | S35: Passed on test | T35: Passed on test | U35: Passed on test | V35: Passed on test | W35: Passed on test | X35: Passed on test | Y35: Passed on test | Z35: Passed on test | AA35: Passed on test | AB35: Passed on test
A36: issue_596 | B36: Passed on test | C36: Passed on test | D36: Passed on test | E36: Passed on test | F36: Passed on test | G36: Passed on test | H36: Passed on test | I36: Passed on test | J36: Passed on test | K36: Passed on test | L36: Passed on test | M36: Passed on test | N36: NOT_TESTED | O36: NOT_TESTED | P36: NOT_TESTED | Q36: NOT_TESTED | R36: NOT_TESTED | S36: NOT_TESTED | T36: NOT_TESTED | U36: NOT_TESTED | V36: NOT_TESTED | W36: NOT_TESTED | X36: NOT_TESTED | Y36: NOT_TESTED | Z36: NOT_TESTED | AA36: NOT_TESTED | AB36: NOT_TESTED
A37: issue_600 | B37: Runtime error | C37: Runtime error | D37: Runtime error | E37: Runtime error | F37: Passed on test | G37: Passed on test | H37: Passed on test | I37: Passed on test | J37: Passed on test | K37: Passed on test | L37: Passed on test | M37: Passed on test | N37: NOT_TESTED | O37: NOT_TESTED | P37: NOT_TESTED | Q37: NOT_TESTED | R37: NOT_TESTED | S37: NOT_TESTED | T37: NOT_TESTED | U37: NOT_TESTED | V37: NOT_TESTED | W37: NOT_TESTED | X37: NOT_TESTED | Y37: NOT_TESTED | Z37: NOT_TESTED | AA37: NOT_TESTED | AB37: NOT_TESTED | AC37: ImportError | AD37: ImportError: cannot import name 'PauliGate' from 'qiskit.circuit.library' (C:\qiskit_envs\q0250\lib\site-packages\qiskit\circuit\library\__init__.py) | AE37: The LLM kept the now-unused import of PauliGate, which does not exist in Qiskit 0.25 (Terra 0.17), so the script crashes on import. PauliEvolutionGate, which it switched to, does not exist there either (it was added in Terra 0.19). The reference drops the import and uses rxx/ryy/rzz, which exist in 0.25. | AF37: ImportError | AG37: ImportError: cannot import name 'PauliGate' from 'qiskit.circuit.library' (C:\qiskit_envs\q0251\lib\site-packages\qiskit\circuit\library\__init__.py) | AH37: The LLM kept the now-unused import of PauliGate, which does not exist in Qiskit 0.25 (Terra 0.17), so the script crashes on import. PauliEvolutionGate, which it switched to, does not exist there either (it was added in Terra 0.19). The reference drops the import and uses rxx/ryy/rzz, which exist in 0.25. | AI37: ImportError | AJ37: ImportError: cannot import name 'PauliGate' from 'qiskit.circuit.library' (C:\qiskit_envs\q0252\lib\site-packages\qiskit\circuit\library\__init__.py) | AK37: The LLM kept the now-unused import of PauliGate, which does not exist in Qiskit 0.25 (Terra 0.17), so the script crashes on import. PauliEvolutionGate, which it switched to, does not exist there either (it was added in Terra 0.19). The reference drops the import and uses rxx/ryy/rzz, which exist in 0.25. | AL37: ImportError | AM37: ImportError: cannot import name 'PauliGate' from 'qiskit.circuit.library' (C:\qiskit_envs\q0253\lib\site-packages\qiskit\circuit\library\__init__.py) | AN37: The LLM kept the now-unused import of PauliGate, which does not exist in Qiskit 0.25 (Terra 0.17), so the script crashes on import. PauliEvolutionGate, which it switched to, does not exist there either (it was added in Terra 0.19). The reference drops the import and uses rxx/ryy/rzz, which exist in 0.25.
A38: issue_622 | B38: Passed on test | C38: Passed on test | D38: Passed on test | E38: Passed on test | F38: Passed on test | G38: Passed on test | H38: Passed on test | I38: Passed on test | J38: Passed on test | K38: Passed on test | L38: Passed on test | M38: Passed on test | N38: NOT_TESTED | O38: NOT_TESTED | P38: NOT_TESTED | Q38: NOT_TESTED | R38: NOT_TESTED | S38: NOT_TESTED | T38: NOT_TESTED | U38: NOT_TESTED | V38: NOT_TESTED | W38: NOT_TESTED | X38: NOT_TESTED | Y38: NOT_TESTED | Z38: NOT_TESTED | AA38: NOT_TESTED | AB38: NOT_TESTED | AC38: AssertionError | AD38: AssertionError: Items in the first set but not the second: '01' '10' | AE38: The LLM swapped the 1-qubit FakeArmonk for the 5-qubit FakeYorktown, which fixes the qubit-count error, but fake backends simulate the device's noise, so about 9% of shots come out as '01' or '10'. The test requires only '00' and '11' (a noise-free simulator, like the reference's Aer qasm_simulator); every other check passes. | AF38: AssertionError | AG38: AssertionError: Items in the first set but not the second: '10' '01' | AH38: The LLM swapped the 1-qubit FakeArmonk for the 5-qubit FakeYorktown, which fixes the qubit-count error, but fake backends simulate the device's noise, so about 9% of shots come out as '01' or '10'. The test requires only '00' and '11' (a noise-free simulator, like the reference's Aer qasm_simulator); every other check passes. | AI38: AssertionError | AJ38: AssertionError: Items in the first set but not the second: '01' '10' | AK38: The LLM swapped the 1-qubit FakeArmonk for the 5-qubit FakeYorktown, which fixes the qubit-count error, but fake backends simulate the device's noise, so about 9% of shots come out as '01' or '10'. The test requires only '00' and '11' (a noise-free simulator, like the reference's Aer qasm_simulator); every other check passes. | AL38: AssertionError | AM38: AssertionError: Items in the first set but not the second: '10' '01' | AN38: The LLM swapped the 1-qubit FakeArmonk for the 5-qubit FakeYorktown, which fixes the qubit-count error, but fake backends simulate the device's noise, so about 9% of shots come out as '01' or '10'. The test requires only '00' and '11' (a noise-free simulator, like the reference's Aer qasm_simulator); every other check passes. | AO38: AssertionError | AP38: AssertionError: Items in the first set but not the second: '10' '01' | AQ38: The LLM swapped the 1-qubit FakeArmonk for the 5-qubit FakeYorktown, which fixes the qubit-count error, but fake backends simulate the device's noise, so about 9% of shots come out as '01' or '10'. The test requires only '00' and '11' (a noise-free simulator, like the reference's Aer qasm_simulator); every other check passes. | AR38: AssertionError | AS38: AssertionError: Items in the first set but not the second: '10' '01' | AT38: The LLM swapped the 1-qubit FakeArmonk for the 5-qubit FakeYorktown, which fixes the qubit-count error, but fake backends simulate the device's noise, so about 9% of shots come out as '01' or '10'. The test requires only '00' and '11' (a noise-free simulator, like the reference's Aer qasm_simulator); every other check passes. | AU38: AssertionError | AV38: AssertionError: Items in the first set but not the second: '01' '10' | AW38: The LLM swapped the 1-qubit FakeArmonk for the 5-qubit FakeYorktown, which fixes the qubit-count error, but fake backends simulate the device's noise, so about 9% of shots come out as '01' or '10'. The test requires only '00' and '11' (a noise-free simulator, like the reference's Aer qasm_simulator); every other check passes. | AX38: AssertionError | AY38: AssertionError: Items in the first set but not the second: '01' '10' | AZ38: The LLM swapped the 1-qubit FakeArmonk for the 5-qubit FakeYorktown, which fixes the qubit-count error, but fake backends simulate the device's noise, so about 9% of shots come out as '01' or '10'. The test requires only '00' and '11' (a noise-free simulator, like the reference's Aer qasm_simulator); every other check passes. | BA38: AssertionError | BB38: AssertionError: Items in the first set but not the second: '01' '10' | BC38: The LLM swapped the 1-qubit FakeArmonk for the 5-qubit FakeYorktown, which fixes the qubit-count error, but fake backends simulate the device's noise, so about 9% of shots come out as '01' or '10'. The test requires only '00' and '11' (a noise-free simulator, like the reference's Aer qasm_simulator); every other check passes. | BD38: AssertionError | BE38: AssertionError: Items in the first set but not the second: '10' '01' | BF38: The LLM swapped the 1-qubit FakeArmonk for the 5-qubit FakeYorktown, which fixes the qubit-count error, but fake backends simulate the device's noise, so about 9% of shots come out as '01' or '10'. The test requires only '00' and '11' (a noise-free simulator, like the reference's Aer qasm_simulator); every other check passes. | BG38: AssertionError | BH38: AssertionError: Items in the first set but not the second: '10' '01' | BI38: The LLM swapped the 1-qubit FakeArmonk for the 5-qubit FakeYorktown, which fixes the qubit-count error, but fake backends simulate the device's noise, so about 9% of shots come out as '01' or '10'. The test requires only '00' and '11' (a noise-free simulator, like the reference's Aer qasm_simulator); every other check passes. | BJ38: AssertionError | BK38: AssertionError: Items in the first set but not the second: '10' '01' | BL38: The LLM swapped the 1-qubit FakeArmonk for the 5-qubit FakeYorktown, which fixes the qubit-count error, but fake backends simulate the device's noise, so about 9% of shots come out as '01' or '10'. The test requires only '00' and '11' (a noise-free simulator, like the reference's Aer qasm_simulator); every other check passes.
A39: issue_624 | B39: Runtime error | C39: Runtime error | D39: Runtime error | E39: Runtime error | F39: Runtime error | G39: Runtime error | H39: Runtime error | I39: Runtime error | J39: Runtime error | K39: Runtime error | L39: Runtime error | M39: Runtime error | N39: NOT_TESTED | O39: NOT_TESTED | P39: NOT_TESTED | Q39: NOT_TESTED | R39: NOT_TESTED | S39: NOT_TESTED | T39: NOT_TESTED | U39: NOT_TESTED | V39: NOT_TESTED | W39: NOT_TESTED | X39: NOT_TESTED | Y39: NOT_TESTED | Z39: NOT_TESTED | AA39: NOT_TESTED | AB39: NOT_TESTED | AC39: ValueError | AD39: ValueError: Evolutions of mixed Operators not yet supported. | AE39: The LLM wrapped the circuit in CircuitOp, which is an OperatorBase with the right matrix, but QAOA cannot build the evolution of a CircuitOp ('Evolutions of mixed Operators not yet supported'). The reference converts it with MatrixOp(Operator(H)). | AF39: ValueError | AG39: ValueError: Evolutions of mixed Operators not yet supported. | AH39: The LLM wrapped the circuit in CircuitOp, which is an OperatorBase with the right matrix, but QAOA cannot build the evolution of a CircuitOp ('Evolutions of mixed Operators not yet supported'). The reference converts it with MatrixOp(Operator(H)). | AI39: ValueError | AJ39: ValueError: Evolutions of mixed Operators not yet supported. | AK39: The LLM wrapped the circuit in CircuitOp, which is an OperatorBase with the right matrix, but QAOA cannot build the evolution of a CircuitOp ('Evolutions of mixed Operators not yet supported'). The reference converts it with MatrixOp(Operator(H)). | AL39: ValueError | AM39: ValueError: Evolutions of mixed Operators not yet supported. | AN39: The LLM wrapped the circuit in CircuitOp, which is an OperatorBase with the right matrix, but QAOA cannot build the evolution of a CircuitOp ('Evolutions of mixed Operators not yet supported'). The reference converts it with MatrixOp(Operator(H)). | AO39: TypeError | AP39: TypeError: ParameterExpression with unbound parameters (dict_keys([Parameter(c)])) cannot be cast to a float. | AQ39: The LLM wrapped the circuit in CircuitOp, which is an OperatorBase with the right matrix, but QAOA cannot evolve a CircuitOp: building the parameterized evolution tries to cast the unbound parameter to a float and raises TypeError. The reference converts it with MatrixOp(Operator(H)). | AR39: TypeError | AS39: TypeError: ParameterExpression with unbound parameters (dict_keys([Parameter(c)])) cannot be cast to a float. | AT39: The LLM wrapped the circuit in CircuitOp, which is an OperatorBase with the right matrix, but QAOA cannot evolve a CircuitOp: building the parameterized evolution tries to cast the unbound parameter to a float and raises TypeError. The reference converts it with MatrixOp(Operator(H)). | AU39: TypeError | AV39: TypeError: ParameterExpression with unbound parameters (dict_keys([Parameter(c)])) cannot be cast to a float. | AW39: The LLM wrapped the circuit in CircuitOp, which is an OperatorBase with the right matrix, but QAOA cannot evolve a CircuitOp: building the parameterized evolution tries to cast the unbound parameter to a float and raises TypeError. The reference converts it with MatrixOp(Operator(H)). | AX39: TypeError | AY39: TypeError: ParameterExpression with unbound parameters (dict_keys([Parameter(c)])) cannot be cast to a float. | AZ39: The LLM wrapped the circuit in CircuitOp, which is an OperatorBase with the right matrix, but QAOA cannot evolve a CircuitOp: building the parameterized evolution tries to cast the unbound parameter to a float and raises TypeError. The reference converts it with MatrixOp(Operator(H)). | BA39: TypeError | BB39: TypeError: ParameterExpression with unbound parameters (dict_keys([Parameter(c)])) cannot be cast to a float. | BC39: The LLM wrapped the circuit in CircuitOp, which is an OperatorBase with the right matrix, but QAOA cannot evolve a CircuitOp: building the parameterized evolution tries to cast the unbound parameter to a float and raises TypeError. The reference converts it with MatrixOp(Operator(H)). | BD39: TypeError | BE39: TypeError: ParameterExpression with unbound parameters (dict_keys([Parameter(c)])) cannot be cast to a float. | BF39: The LLM wrapped the circuit in CircuitOp, which is an OperatorBase with the right matrix, but QAOA cannot evolve a CircuitOp: building the parameterized evolution tries to cast the unbound parameter to a float and raises TypeError. The reference converts it with MatrixOp(Operator(H)). | BG39: TypeError | BH39: TypeError: ParameterExpression with unbound parameters (dict_keys([Parameter(c)])) cannot be cast to a float. | BI39: The LLM wrapped the circuit in CircuitOp, which is an OperatorBase with the right matrix, but QAOA cannot evolve a CircuitOp: building the parameterized evolution tries to cast the unbound parameter to a float and raises TypeError. The reference converts it with MatrixOp(Operator(H)). | BJ39: TypeError | BK39: TypeError: ParameterExpression with unbound parameters (dict_keys([Parameter(c)])) cannot be cast to a float. | BL39: The LLM wrapped the circuit in CircuitOp, which is an OperatorBase with the right matrix, but QAOA cannot evolve a CircuitOp: building the parameterized evolution tries to cast the unbound parameter to a float and raises TypeError. The reference converts it with MatrixOp(Operator(H)).
A40: issue_635 | B40: Failed on test | C40: Failed on test | D40: Failed on test | E40: Failed on test | F40: NOT_TESTED | G40: NOT_TESTED | H40: NOT_TESTED | I40: NOT_TESTED | J40: NOT_TESTED | K40: NOT_TESTED | L40: NOT_TESTED | M40: NOT_TESTED | N40: NOT_TESTED | O40: NOT_TESTED | P40: NOT_TESTED | Q40: NOT_TESTED | R40: NOT_TESTED | S40: NOT_TESTED | T40: NOT_TESTED | U40: NOT_TESTED | V40: NOT_TESTED | W40: NOT_TESTED | X40: NOT_TESTED | Y40: NOT_TESTED | Z40: NOT_TESTED | AA40: NOT_TESTED | AB40: NOT_TESTED | AC40: AssertionError | AD40: AssertionError: Items in the first set but not the second: 0 Items in the second set but not the first: 1 : Conditional AND failed for basis 001 | AE40: The LLM conditioned the X on q[0] on the whole register equal to 1 and the X on q[1] on it equal to 2, so each X fires on a different single-bit pattern. The question wants both X gates when c[0]=1 and c[1]=1 (register value 3, as in the reference); the fix is already wrong for input 001. | AF40: AssertionError | AG40: AssertionError: Items in the first set but not the second: 0 Items in the second set but not the first: 1 : Conditional AND failed for basis 001 | AH40: The LLM conditioned the X on q[0] on the whole register equal to 1 and the X on q[1] on it equal to 2, so each X fires on a different single-bit pattern. The question wants both X gates when c[0]=1 and c[1]=1 (register value 3, as in the reference); the fix is already wrong for input 001. | AI40: AssertionError | AJ40: AssertionError: Items in the first set but not the second: 0 Items in the second set but not the first: 1 : Conditional AND failed for basis 001 | AK40: The LLM conditioned the X on q[0] on the whole register equal to 1 and the X on q[1] on it equal to 2, so each X fires on a different single-bit pattern. The question wants both X gates when c[0]=1 and c[1]=1 (register value 3, as in the reference); the fix is already wrong for input 001. | AL40: AssertionError | AM40: AssertionError: Items in the first set but not the second: 0 Items in the second set but not the first: 1 : Conditional AND failed for basis 001 | AN40: The LLM conditioned the X on q[0] on the whole register equal to 1 and the X on q[1] on it equal to 2, so each X fires on a different single-bit pattern. The question wants both X gates when c[0]=1 and c[1]=1 (register value 3, as in the reference); the fix is already wrong for input 001.
A41: issue_662 | B41: NOT_TESTED | C41: NOT_TESTED | D41: NOT_TESTED | E41: NOT_TESTED | F41: Runtime error | G41: Runtime error | H41: Runtime error | I41: Runtime error | J41: Runtime error | K41: Runtime error | L41: Runtime error | M41: Runtime error | N41: Runtime error | O41: Runtime error | P41: Runtime error | Q41: Runtime error | R41: Runtime error | S41: Runtime error | T41: Runtime error | U41: Runtime error | V41: Runtime error | W41: Runtime error | X41: Runtime error | Y41: Runtime error | Z41: Runtime error | AA41: Runtime error | AB41: Runtime error | AO41: AttributeError | AP41: AttributeError: 'DAGOpNode' object has no attribute 'type' | AQ41: The LLM switched from dag.longest_path() to dag.op_nodes(), which is the right idea, but kept the buggy code's 'if node.type == "op"' check. DAG nodes no longer have a .type attribute in these versions (the buggy code crashes on it too), so it raises AttributeError. With that one check removed the fix passes. The reference uses circ.count_ops(). | AR41: AttributeError | AS41: AttributeError: 'DAGOpNode' object has no attribute 'type' | AT41: The LLM switched from dag.longest_path() to dag.op_nodes(), which is the right idea, but kept the buggy code's 'if node.type == "op"' check. DAG nodes no longer have a .type attribute in these versions (the buggy code crashes on it too), so it raises AttributeError. With that one check removed the fix passes. The reference uses circ.count_ops(). | AU41: AttributeError | AV41: AttributeError: 'DAGOpNode' object has no attribute 'type' | AW41: The LLM switched from dag.longest_path() to dag.op_nodes(), which is the right idea, but kept the buggy code's 'if node.type == "op"' check. DAG nodes no longer have a .type attribute in these versions (the buggy code crashes on it too), so it raises AttributeError. With that one check removed the fix passes. The reference uses circ.count_ops(). | AX41: AttributeError | AY41: AttributeError: 'DAGOpNode' object has no attribute 'type' | AZ41: The LLM switched from dag.longest_path() to dag.op_nodes(), which is the right idea, but kept the buggy code's 'if node.type == "op"' check. DAG nodes no longer have a .type attribute in these versions (the buggy code crashes on it too), so it raises AttributeError. With that one check removed the fix passes. The reference uses circ.count_ops(). | BA41: AttributeError | BB41: AttributeError: 'DAGOpNode' object has no attribute 'type' | BC41: The LLM switched from dag.longest_path() to dag.op_nodes(), which is the right idea, but kept the buggy code's 'if node.type == "op"' check. DAG nodes no longer have a .type attribute in these versions (the buggy code crashes on it too), so it raises AttributeError. With that one check removed the fix passes. The reference uses circ.count_ops(). | BD41: AttributeError | BE41: AttributeError: 'DAGOpNode' object has no attribute 'type' | BF41: The LLM switched from dag.longest_path() to dag.op_nodes(), which is the right idea, but kept the buggy code's 'if node.type == "op"' check. DAG nodes no longer have a .type attribute in these versions (the buggy code crashes on it too), so it raises AttributeError. With that one check removed the fix passes. The reference uses circ.count_ops(). | BG41: AttributeError | BH41: AttributeError: 'DAGOpNode' object has no attribute 'type' | BI41: The LLM switched from dag.longest_path() to dag.op_nodes(), which is the right idea, but kept the buggy code's 'if node.type == "op"' check. DAG nodes no longer have a .type attribute in these versions (the buggy code crashes on it too), so it raises AttributeError. With that one check removed the fix passes. The reference uses circ.count_ops(). | BJ41: AttributeError | BK41: AttributeError: 'DAGOpNode' object has no attribute 'type' | BL41: The LLM switched from dag.longest_path() to dag.op_nodes(), which is the right idea, but kept the buggy code's 'if node.type == "op"' check. DAG nodes no longer have a .type attribute in these versions (the buggy code crashes on it too), so it raises AttributeError. With that one check removed the fix passes. The reference uses circ.count_ops(). | BM41: AttributeError | BN41: AttributeError: 'DAGOpNode' object has no attribute 'type' | BO41: The LLM switched from dag.longest_path() to dag.op_nodes(), which is the right idea, but kept the buggy code's 'if node.type == "op"' check. DAG nodes no longer have a .type attribute in these versions (the buggy code crashes on it too), so it raises AttributeError. With that one check removed the fix passes. The reference uses circ.count_ops(). | BP41: AttributeError | BQ41: AttributeError: 'DAGOpNode' object has no attribute 'type' | BR41: The LLM switched from dag.longest_path() to dag.op_nodes(), which is the right idea, but kept the buggy code's 'if node.type == "op"' check. DAG nodes no longer have a .type attribute in these versions (the buggy code crashes on it too), so it raises AttributeError. With that one check removed the fix passes. The reference uses circ.count_ops(). | BS41: AttributeError | BT41: AttributeError: 'DAGOpNode' object has no attribute 'type' | BU41: The LLM switched from dag.longest_path() to dag.op_nodes(), which is the right idea, but kept the buggy code's 'if node.type == "op"' check. DAG nodes no longer have a .type attribute in these versions (the buggy code crashes on it too), so it raises AttributeError. With that one check removed the fix passes. The reference uses circ.count_ops(). | BV41: AttributeError | BW41: AttributeError: 'DAGOpNode' object has no attribute 'type' | BX41: The LLM switched from dag.longest_path() to dag.op_nodes(), which is the right idea, but kept the buggy code's 'if node.type == "op"' check. DAG nodes no longer have a .type attribute in these versions (the buggy code crashes on it too), so it raises AttributeError. With that one check removed the fix passes. The reference uses circ.count_ops(). | BY41: AttributeError | BZ41: AttributeError: 'DAGOpNode' object has no attribute 'type' | CA41: The LLM switched from dag.longest_path() to dag.op_nodes(), which is the right idea, but kept the buggy code's 'if node.type == "op"' check. DAG nodes no longer have a .type attribute in these versions (the buggy code crashes on it too), so it raises AttributeError. With that one check removed the fix passes. The reference uses circ.count_ops(). | CB41: AttributeError | CC41: AttributeError: 'DAGOpNode' object has no attribute 'type' | CD41: The LLM switched from dag.longest_path() to dag.op_nodes(), which is the right idea, but kept the buggy code's 'if node.type == "op"' check. DAG nodes no longer have a .type attribute in these versions (the buggy code crashes on it too), so it raises AttributeError. With that one check removed the fix passes. The reference uses circ.count_ops(). | CE41: AttributeError | CF41: AttributeError: 'qiskit._accelerate.circuit.DAGOpNode' object has no attribute 'type' | CG41: The LLM switched from dag.longest_path() to dag.op_nodes(), which is the right idea, but kept the buggy code's 'if node.type == "op"' check. DAG nodes no longer have a .type attribute in these versions (the buggy code crashes on it too), so it raises AttributeError. With that one check removed the fix passes. The reference uses circ.count_ops(). | CH41: AttributeError | CI41: AttributeError: 'qiskit._accelerate.circuit.DAGOpNode' object has no attribute 'type' | CJ41: The LLM switched from dag.longest_path() to dag.op_nodes(), which is the right idea, but kept the buggy code's 'if node.type == "op"' check. DAG nodes no longer have a .type attribute in these versions (the buggy code crashes on it too), so it raises AttributeError. With that one check removed the fix passes. The reference uses circ.count_ops(). | CK41: AttributeError | CL41: AttributeError: 'qiskit._accelerate.circuit.DAGOpNode' object has no attribute 'type' | CM41: The LLM switched from dag.longest_path() to dag.op_nodes(), which is the right idea, but kept the buggy code's 'if node.type == "op"' check. DAG nodes no longer have a .type attribute in these versions (the buggy code crashes on it too), so it raises AttributeError. With that one check removed the fix passes. The reference uses circ.count_ops(). | CN41: AttributeError | CO41: AttributeError: 'qiskit._accelerate.circuit.DAGOpNode' object has no attribute 'type' | CP41: The LLM switched from dag.longest_path() to dag.op_nodes(), which is the right idea, but kept the buggy code's 'if node.type == "op"' check. DAG nodes no longer have a .type attribute in these versions (the buggy code crashes on it too), so it raises AttributeError. With that one check removed the fix passes. The reference uses circ.count_ops(). | CQ41: AttributeError | CR41: AttributeError: 'qiskit._accelerate.circuit.DAGOpNode' object has no attribute 'type' | CS41: The LLM switched from dag.longest_path() to dag.op_nodes(), which is the right idea, but kept the buggy code's 'if node.type == "op"' check. DAG nodes no longer have a .type attribute in these versions (the buggy code crashes on it too), so it raises AttributeError. With that one check removed the fix passes. The reference uses circ.count_ops(). | CT41: AttributeError | CU41: AttributeError: 'qiskit._accelerate.circuit.DAGOpNode' object has no attribute 'type' | CV41: The LLM switched from dag.longest_path() to dag.op_nodes(), which is the right idea, but kept the buggy code's 'if node.type == "op"' check. DAG nodes no longer have a .type attribute in these versions (the buggy code crashes on it too), so it raises AttributeError. With that one check removed the fix passes. The reference uses circ.count_ops(). | CW41: AttributeError | CX41: AttributeError: 'qiskit._accelerate.circuit.DAGOpNode' object has no attribute 'type' | CY41: The LLM switched from dag.longest_path() to dag.op_nodes(), which is the right idea, but kept the buggy code's 'if node.type == "op"' check. DAG nodes no longer have a .type attribute in these versions (the buggy code crashes on it too), so it raises AttributeError. With that one check removed the fix passes. The reference uses circ.count_ops(). | CZ41: AttributeError | DA41: AttributeError: 'qiskit._accelerate.circuit.DAGOpNode' object has no attribute 'type' | DB41: The LLM switched from dag.longest_path() to dag.op_nodes(), which is the right idea, but kept the buggy code's 'if node.type == "op"' check. DAG nodes no longer have a .type attribute in these versions (the buggy code crashes on it too), so it raises AttributeError. With that one check removed the fix passes. The reference uses circ.count_ops(). | DC41: AttributeError | DD41: AttributeError: 'qiskit._accelerate.circuit.DAGOpNode' object has no attribute 'type' | DE41: The LLM switched from dag.longest_path() to dag.op_nodes(), which is the right idea, but kept the buggy code's 'if node.type == "op"' check. DAG nodes no longer have a .type attribute in these versions (the buggy code crashes on it too), so it raises AttributeError. With that one check removed the fix passes. The reference uses circ.count_ops().
A42: issue_663 | B42: NOT_TESTED | C42: NOT_TESTED | D42: NOT_TESTED | E42: NOT_TESTED | F42: Passed on test | G42: Passed on test | H42: Passed on test | I42: Passed on test | J42: Passed on test | K42: Passed on test | L42: Passed on test | M42: Passed on test | N42: NOT_TESTED | O42: NOT_TESTED | P42: NOT_TESTED | Q42: NOT_TESTED | R42: NOT_TESTED | S42: NOT_TESTED | T42: NOT_TESTED | U42: NOT_TESTED | V42: NOT_TESTED | W42: NOT_TESTED | X42: NOT_TESTED | Y42: NOT_TESTED | Z42: NOT_TESTED | AA42: NOT_TESTED | AB42: NOT_TESTED
A43: issue_671 | B43: Passed on test | C43: Passed on test | D43: Passed on test | E43: Passed on test | F43: Passed on test | G43: Passed on test | H43: Passed on test | I43: Passed on test | J43: Passed on test | K43: Passed on test | L43: Passed on test | M43: Passed on test | N43: Passed on test | O43: Passed on test | P43: Passed on test | Q43: Passed on test | R43: Passed on test | S43: Passed on test | T43: Passed on test | U43: Passed on test | V43: Passed on test | W43: Passed on test | X43: Passed on test | Y43: Passed on test | Z43: Passed on test | AA43: Passed on test | AB43: Passed on test | AC43: AssertionError | AD43: AssertionError: Not equal to tolerance rtol=1e-07, atol=1e-10 | AE43: The LLM unpacked the list with QuantumCircuit(a, *v, b), which builds exactly the registers the question asks for (a, v0..v3, b in that order), and every register check passes. The test then compares the full 512x512 unitary against the answer's example gates x(v0[0]) and cx(v1[0], a[0]), which are not in the buggy code, so the LLM's empty circuit fails. A test without the unitary check passes the LLM fix and still fails the buggy code. | AF43: AssertionError | AG43: AssertionError: Not equal to tolerance rtol=1e-07, atol=1e-10 | AH43: The LLM unpacked the list with QuantumCircuit(a, *v, b), which builds exactly the registers the question asks for (a, v0..v3, b in that order), and every register check passes. The test then compares the full 512x512 unitary against the answer's example gates x(v0[0]) and cx(v1[0], a[0]), which are not in the buggy code, so the LLM's empty circuit fails. A test without the unitary check passes the LLM fix and still fails the buggy code. | AI43: AssertionError | AJ43: AssertionError: Not equal to tolerance rtol=1e-07, atol=1e-10 | AK43: The LLM unpacked the list with QuantumCircuit(a, *v, b), which builds exactly the registers the question asks for (a, v0..v3, b in that order), and every register check passes. The test then compares the full 512x512 unitary against the answer's example gates x(v0[0]) and cx(v1[0], a[0]), which are not in the buggy code, so the LLM's empty circuit fails. A test without the unitary check passes the LLM fix and still fails the buggy code. | AL43: AssertionError | AM43: AssertionError: Not equal to tolerance rtol=1e-07, atol=1e-10 | AN43: The LLM unpacked the list with QuantumCircuit(a, *v, b), which builds exactly the registers the question asks for (a, v0..v3, b in that order), and every register check passes. The test then compares the full 512x512 unitary against the answer's example gates x(v0[0]) and cx(v1[0], a[0]), which are not in the buggy code, so the LLM's empty circuit fails. A test without the unitary check passes the LLM fix and still fails the buggy code. | AO43: AssertionError | AP43: AssertionError: Not equal to tolerance rtol=1e-07, atol=1e-10 | AQ43: The LLM unpacked the list with QuantumCircuit(a, *v, b), which builds exactly the registers the question asks for (a, v0..v3, b in that order), and every register check passes. The test then compares the full 512x512 unitary against the answer's example gates x(v0[0]) and cx(v1[0], a[0]), which are not in the buggy code, so the LLM's empty circuit fails. A test without the unitary check passes the LLM fix and still fails the buggy code. | AR43: AssertionError | AS43: AssertionError: Not equal to tolerance rtol=1e-07, atol=1e-10 | AT43: The LLM unpacked the list with QuantumCircuit(a, *v, b), which builds exactly the registers the question asks for (a, v0..v3, b in that order), and every register check passes. The test then compares the full 512x512 unitary against the answer's example gates x(v0[0]) and cx(v1[0], a[0]), which are not in the buggy code, so the LLM's empty circuit fails. A test without the unitary check passes the LLM fix and still fails the buggy code. | AU43: AssertionError | AV43: AssertionError: Not equal to tolerance rtol=1e-07, atol=1e-10 | AW43: The LLM unpacked the list with QuantumCircuit(a, *v, b), which builds exactly the registers the question asks for (a, v0..v3, b in that order), and every register check passes. The test then compares the full 512x512 unitary against the answer's example gates x(v0[0]) and cx(v1[0], a[0]), which are not in the buggy code, so the LLM's empty circuit fails. A test without the unitary check passes the LLM fix and still fails the buggy code. | AX43: AssertionError | AY43: AssertionError: Not equal to tolerance rtol=1e-07, atol=1e-10 | AZ43: The LLM unpacked the list with QuantumCircuit(a, *v, b), which builds exactly the registers the question asks for (a, v0..v3, b in that order), and every register check passes. The test then compares the full 512x512 unitary against the answer's example gates x(v0[0]) and cx(v1[0], a[0]), which are not in the buggy code, so the LLM's empty circuit fails. A test without the unitary check passes the LLM fix and still fails the buggy code. | BA43: AssertionError | BB43: AssertionError: Not equal to tolerance rtol=1e-07, atol=1e-10 | BC43: The LLM unpacked the list with QuantumCircuit(a, *v, b), which builds exactly the registers the question asks for (a, v0..v3, b in that order), and every register check passes. The test then compares the full 512x512 unitary against the answer's example gates x(v0[0]) and cx(v1[0], a[0]), which are not in the buggy code, so the LLM's empty circuit fails. A test without the unitary check passes the LLM fix and still fails the buggy code. | BD43: AssertionError | BE43: AssertionError: Not equal to tolerance rtol=1e-07, atol=1e-10 | BF43: The LLM unpacked the list with QuantumCircuit(a, *v, b), which builds exactly the registers the question asks for (a, v0..v3, b in that order), and every register check passes. The test then compares the full 512x512 unitary against the answer's example gates x(v0[0]) and cx(v1[0], a[0]), which are not in the buggy code, so the LLM's empty circuit fails. A test without the unitary check passes the LLM fix and still fails the buggy code. | BG43: AssertionError | BH43: AssertionError: Not equal to tolerance rtol=1e-07, atol=1e-10 | BI43: The LLM unpacked the list with QuantumCircuit(a, *v, b), which builds exactly the registers the question asks for (a, v0..v3, b in that order), and every register check passes. The test then compares the full 512x512 unitary against the answer's example gates x(v0[0]) and cx(v1[0], a[0]), which are not in the buggy code, so the LLM's empty circuit fails. A test without the unitary check passes the LLM fix and still fails the buggy code. | BJ43: AssertionError | BK43: AssertionError: Not equal to tolerance rtol=1e-07, atol=1e-10 | BL43: The LLM unpacked the list with QuantumCircuit(a, *v, b), which builds exactly the registers the question asks for (a, v0..v3, b in that order), and every register check passes. The test then compares the full 512x512 unitary against the answer's example gates x(v0[0]) and cx(v1[0], a[0]), which are not in the buggy code, so the LLM's empty circuit fails. A test without the unitary check passes the LLM fix and still fails the buggy code. | BM43: AssertionError | BN43: AssertionError: Not equal to tolerance rtol=1e-07, atol=1e-10 | BO43: The LLM unpacked the list with QuantumCircuit(a, *v, b), which builds exactly the registers the question asks for (a, v0..v3, b in that order), and every register check passes. The test then compares the full 512x512 unitary against the answer's example gates x(v0[0]) and cx(v1[0], a[0]), which are not in the buggy code, so the LLM's empty circuit fails. A test without the unitary check passes the LLM fix and still fails the buggy code. | BP43: AssertionError | BQ43: AssertionError: Not equal to tolerance rtol=1e-07, atol=1e-10 | BR43: The LLM unpacked the list with QuantumCircuit(a, *v, b), which builds exactly the registers the question asks for (a, v0..v3, b in that order), and every register check passes. The test then compares the full 512x512 unitary against the answer's example gates x(v0[0]) and cx(v1[0], a[0]), which are not in the buggy code, so the LLM's empty circuit fails. A test without the unitary check passes the LLM fix and still fails the buggy code. | BS43: AssertionError | BT43: AssertionError: Not equal to tolerance rtol=1e-07, atol=1e-10 | BU43: The LLM unpacked the list with QuantumCircuit(a, *v, b), which builds exactly the registers the question asks for (a, v0..v3, b in that order), and every register check passes. The test then compares the full 512x512 unitary against the answer's example gates x(v0[0]) and cx(v1[0], a[0]), which are not in the buggy code, so the LLM's empty circuit fails. A test without the unitary check passes the LLM fix and still fails the buggy code. | BV43: AssertionError | BW43: AssertionError: Not equal to tolerance rtol=1e-07, atol=1e-10 | BX43: The LLM unpacked the list with QuantumCircuit(a, *v, b), which builds exactly the registers the question asks for (a, v0..v3, b in that order), and every register check passes. The test then compares the full 512x512 unitary against the answer's example gates x(v0[0]) and cx(v1[0], a[0]), which are not in the buggy code, so the LLM's empty circuit fails. A test without the unitary check passes the LLM fix and still fails the buggy code. | BY43: AssertionError | BZ43: AssertionError: Not equal to tolerance rtol=1e-07, atol=1e-10 | CA43: The LLM unpacked the list with QuantumCircuit(a, *v, b), which builds exactly the registers the question asks for (a, v0..v3, b in that order), and every register check passes. The test then compares the full 512x512 unitary against the answer's example gates x(v0[0]) and cx(v1[0], a[0]), which are not in the buggy code, so the LLM's empty circuit fails. A test without the unitary check passes the LLM fix and still fails the buggy code. | CB43: AssertionError | CC43: AssertionError: Not equal to tolerance rtol=1e-07, atol=1e-10 | CD43: The LLM unpacked the list with QuantumCircuit(a, *v, b), which builds exactly the registers the question asks for (a, v0..v3, b in that order), and every register check passes. The test then compares the full 512x512 unitary against the answer's example gates x(v0[0]) and cx(v1[0], a[0]), which are not in the buggy code, so the LLM's empty circuit fails. A test without the unitary check passes the LLM fix and still fails the buggy code. | CE43: AssertionError | CF43: AssertionError: Not equal to tolerance rtol=1e-07, atol=1e-10 | CG43: The LLM unpacked the list with QuantumCircuit(a, *v, b), which builds exactly the registers the question asks for (a, v0..v3, b in that order), and every register check passes. The test then compares the full 512x512 unitary against the answer's example gates x(v0[0]) and cx(v1[0], a[0]), which are not in the buggy code, so the LLM's empty circuit fails. A test without the unitary check passes the LLM fix and still fails the buggy code. | CH43: AssertionError | CI43: AssertionError: Not equal to tolerance rtol=1e-07, atol=1e-10 | CJ43: The LLM unpacked the list with QuantumCircuit(a, *v, b), which builds exactly the registers the question asks for (a, v0..v3, b in that order), and every register check passes. The test then compares the full 512x512 unitary against the answer's example gates x(v0[0]) and cx(v1[0], a[0]), which are not in the buggy code, so the LLM's empty circuit fails. A test without the unitary check passes the LLM fix and still fails the buggy code. | CK43: AssertionError | CL43: AssertionError: Not equal to tolerance rtol=1e-07, atol=1e-10 | CM43: The LLM unpacked the list with QuantumCircuit(a, *v, b), which builds exactly the registers the question asks for (a, v0..v3, b in that order), and every register check passes. The test then compares the full 512x512 unitary against the answer's example gates x(v0[0]) and cx(v1[0], a[0]), which are not in the buggy code, so the LLM's empty circuit fails. A test without the unitary check passes the LLM fix and still fails the buggy code. | CN43: AssertionError | CO43: AssertionError: Not equal to tolerance rtol=1e-07, atol=1e-10 | CP43: The LLM unpacked the list with QuantumCircuit(a, *v, b), which builds exactly the registers the question asks for (a, v0..v3, b in that order), and every register check passes. The test then compares the full 512x512 unitary against the answer's example gates x(v0[0]) and cx(v1[0], a[0]), which are not in the buggy code, so the LLM's empty circuit fails. A test without the unitary check passes the LLM fix and still fails the buggy code. | CQ43: AssertionError | CR43: AssertionError: Not equal to tolerance rtol=1e-07, atol=1e-10 | CS43: The LLM unpacked the list with QuantumCircuit(a, *v, b), which builds exactly the registers the question asks for (a, v0..v3, b in that order), and every register check passes. The test then compares the full 512x512 unitary against the answer's example gates x(v0[0]) and cx(v1[0], a[0]), which are not in the buggy code, so the LLM's empty circuit fails. A test without the unitary check passes the LLM fix and still fails the buggy code. | CT43: AssertionError | CU43: AssertionError: Not equal to tolerance rtol=1e-07, atol=1e-10 | CV43: The LLM unpacked the list with QuantumCircuit(a, *v, b), which builds exactly the registers the question asks for (a, v0..v3, b in that order), and every register check passes. The test then compares the full 512x512 unitary against the answer's example gates x(v0[0]) and cx(v1[0], a[0]), which are not in the buggy code, so the LLM's empty circuit fails. A test without the unitary check passes the LLM fix and still fails the buggy code. | CW43: AssertionError | CX43: AssertionError: Not equal to tolerance rtol=1e-07, atol=1e-10 | CY43: The LLM unpacked the list with QuantumCircuit(a, *v, b), which builds exactly the registers the question asks for (a, v0..v3, b in that order), and every register check passes. The test then compares the full 512x512 unitary against the answer's example gates x(v0[0]) and cx(v1[0], a[0]), which are not in the buggy code, so the LLM's empty circuit fails. A test without the unitary check passes the LLM fix and still fails the buggy code. | CZ43: AssertionError | DA43: AssertionError: Not equal to tolerance rtol=1e-07, atol=1e-10 | DB43: The LLM unpacked the list with QuantumCircuit(a, *v, b), which builds exactly the registers the question asks for (a, v0..v3, b in that order), and every register check passes. The test then compares the full 512x512 unitary against the answer's example gates x(v0[0]) and cx(v1[0], a[0]), which are not in the buggy code, so the LLM's empty circuit fails. A test without the unitary check passes the LLM fix and still fails the buggy code. | DC43: AssertionError | DD43: AssertionError: Not equal to tolerance rtol=1e-07, atol=1e-10 | DE43: The LLM unpacked the list with QuantumCircuit(a, *v, b), which builds exactly the registers the question asks for (a, v0..v3, b in that order), and every register check passes. The test then compares the full 512x512 unitary against the answer's example gates x(v0[0]) and cx(v1[0], a[0]), which are not in the buggy code, so the LLM's empty circuit fails. A test without the unitary check passes the LLM fix and still fails the buggy code.
A44: issue_727 | B44: Passed on test | C44: Passed on test | D44: Passed on test | E44: Passed on test | F44: Passed on test | G44: Passed on test | H44: Passed on test | I44: Passed on test | J44: Passed on test | K44: Passed on test | L44: Passed on test | M44: Passed on test | N44: NOT_TESTED | O44: NOT_TESTED | P44: NOT_TESTED | Q44: NOT_TESTED | R44: NOT_TESTED | S44: NOT_TESTED | T44: NOT_TESTED | U44: NOT_TESTED | V44: NOT_TESTED | W44: NOT_TESTED | X44: NOT_TESTED | Y44: NOT_TESTED | Z44: NOT_TESTED | AA44: NOT_TESTED | AB44: NOT_TESTED
A45: issue_742 | B45: NOT_TESTED | C45: NOT_TESTED | D45: NOT_TESTED | E45: NOT_TESTED | F45: NOT_TESTED | G45: NOT_TESTED | H45: NOT_TESTED | I45: NOT_TESTED | J45: NOT_TESTED | K45: NOT_TESTED | L45: NOT_TESTED | M45: NOT_TESTED | N45: NOT_TESTED | O45: NOT_TESTED | P45: NOT_TESTED | Q45: Passed on test | R45: Passed on test | S45: Passed on test | T45: Passed on test | U45: Passed on test | V45: Passed on test | W45: Passed on test | X45: Passed on test | Y45: Passed on test | Z45: Passed on test | AA45: Passed on test | AB45: Passed on test
A46: issue_747 | B46: NOT_TESTED | C46: NOT_TESTED | D46: NOT_TESTED | E46: NOT_TESTED | F46: Passed on test | G46: Passed on test | H46: Passed on test | I46: Passed on test | J46: Passed on test | K46: Passed on test | L46: Passed on test | M46: Passed on test | N46: NOT_TESTED | O46: NOT_TESTED | P46: NOT_TESTED | Q46: NOT_TESTED | R46: NOT_TESTED | S46: NOT_TESTED | T46: NOT_TESTED | U46: NOT_TESTED | V46: NOT_TESTED | W46: NOT_TESTED | X46: NOT_TESTED | Y46: NOT_TESTED | Z46: NOT_TESTED | AA46: NOT_TESTED | AB46: NOT_TESTED | AO46: AssertionError | AP46: AssertionError: Items in the first set but not the second: '000 000' '111 000' Items in the second set but not the first: '000' '111' | AQ46: The LLM added circ.measure_all(), which measures the GHZ state correctly but adds a second 3-bit register instead of using the circuit's existing 3 classical bits, so the counts keys are '000 000' and '111 000' instead of '000' and '111'. The reference measures into the existing bits. A test that ignores the unused register passes the LLM fix. | AR46: AssertionError | AS46: AssertionError: Items in the first set but not the second: '000 000' '111 000' Items in the second set but not the first: '000' '111' | AT46: The LLM added circ.measure_all(), which measures the GHZ state correctly but adds a second 3-bit register instead of using the circuit's existing 3 classical bits, so the counts keys are '000 000' and '111 000' instead of '000' and '111'. The reference measures into the existing bits. A test that ignores the unused register passes the LLM fix. | AU46: AssertionError | AV46: AssertionError: Items in the first set but not the second: '111 000' '000 000' Items in the second set but not the first: '000' '111' | AW46: The LLM added circ.measure_all(), which measures the GHZ state correctly but adds a second 3-bit register instead of using the circuit's existing 3 classical bits, so the counts keys are '000 000' and '111 000' instead of '000' and '111'. The reference measures into the existing bits. A test that ignores the unused register passes the LLM fix. | AX46: AssertionError | AY46: AssertionError: Items in the first set but not the second: '111 000' '000 000' Items in the second set but not the first: '111' '000' | AZ46: The LLM added circ.measure_all(), which measures the GHZ state correctly but adds a second 3-bit register instead of using the circuit's existing 3 classical bits, so the counts keys are '000 000' and '111 000' instead of '000' and '111'. The reference measures into the existing bits. A test that ignores the unused register passes the LLM fix. | BA46: AssertionError | BB46: AssertionError: Items in the first set but not the second: '000 000' '111 000' Items in the second set but not the first: '111' '000' | BC46: The LLM added circ.measure_all(), which measures the GHZ state correctly but adds a second 3-bit register instead of using the circuit's existing 3 classical bits, so the counts keys are '000 000' and '111 000' instead of '000' and '111'. The reference measures into the existing bits. A test that ignores the unused register passes the LLM fix. | BD46: AssertionError | BE46: AssertionError: Items in the first set but not the second: '000 000' '111 000' Items in the second set but not the first: '000' '111' | BF46: The LLM added circ.measure_all(), which measures the GHZ state correctly but adds a second 3-bit register instead of using the circuit's existing 3 classical bits, so the counts keys are '000 000' and '111 000' instead of '000' and '111'. The reference measures into the existing bits. A test that ignores the unused register passes the LLM fix. | BG46: AssertionError | BH46: AssertionError: Items in the first set but not the second: '000 000' '111 000' Items in the second set but not the first: '000' '111' | BI46: The LLM added circ.measure_all(), which measures the GHZ state correctly but adds a second 3-bit register instead of using the circuit's existing 3 classical bits, so the counts keys are '000 000' and '111 000' instead of '000' and '111'. The reference measures into the existing bits. A test that ignores the unused register passes the LLM fix. | BJ46: AssertionError | BK46: AssertionError: Items in the first set but not the second: '111 000' '000 000' Items in the second set but not the first: '000' '111' | BL46: The LLM added circ.measure_all(), which measures the GHZ state correctly but adds a second 3-bit register instead of using the circuit's existing 3 classical bits, so the counts keys are '000 000' and '111 000' instead of '000' and '111'. The reference measures into the existing bits. A test that ignores the unused register passes the LLM fix.
A47: issue_750 | B47: NOT_TESTED | C47: NOT_TESTED | D47: NOT_TESTED | E47: NOT_TESTED | F47: Runtime error | G47: Runtime error | H47: Runtime error | I47: Runtime error | J47: Runtime error | K47: Runtime error | L47: Runtime error | M47: Runtime error | N47: Runtime error | O47: Runtime error | P47: Runtime error | Q47: Runtime error | R47: Runtime error | S47: Runtime error | T47: Runtime error | U47: Runtime error | V47: Runtime error | W47: Runtime error | X47: Runtime error | Y47: Runtime error | Z47: Runtime error | AA47: Runtime error | AB47: Runtime error | AO47: TypeError | AP47: TypeError: Pauli.__init__() got an unexpected keyword argument 'label' | AQ47: The LLM answered NO BUG and kept Pauli(label='XZ'); the math is right, but the label keyword was removed from Pauli in these versions, so the script raises TypeError. The reference builds the operator with Pauli('X')/Pauli('Z') and tensor/expand. | AR47: TypeError | AS47: TypeError: Pauli.__init__() got an unexpected keyword argument 'label' | AT47: The LLM answered NO BUG and kept Pauli(label='XZ'); the math is right, but the label keyword was removed from Pauli in these versions, so the script raises TypeError. The reference builds the operator with Pauli('X')/Pauli('Z') and tensor/expand. | AU47: TypeError | AV47: TypeError: Pauli.__init__() got an unexpected keyword argument 'label' | AW47: The LLM answered NO BUG and kept Pauli(label='XZ'); the math is right, but the label keyword was removed from Pauli in these versions, so the script raises TypeError. The reference builds the operator with Pauli('X')/Pauli('Z') and tensor/expand. | AX47: TypeError | AY47: TypeError: Pauli.__init__() got an unexpected keyword argument 'label' | AZ47: The LLM answered NO BUG and kept Pauli(label='XZ'); the math is right, but the label keyword was removed from Pauli in these versions, so the script raises TypeError. The reference builds the operator with Pauli('X')/Pauli('Z') and tensor/expand. | BA47: TypeError | BB47: TypeError: Pauli.__init__() got an unexpected keyword argument 'label' | BC47: The LLM answered NO BUG and kept Pauli(label='XZ'); the math is right, but the label keyword was removed from Pauli in these versions, so the script raises TypeError. The reference builds the operator with Pauli('X')/Pauli('Z') and tensor/expand. | BD47: TypeError | BE47: TypeError: Pauli.__init__() got an unexpected keyword argument 'label' | BF47: The LLM answered NO BUG and kept Pauli(label='XZ'); the math is right, but the label keyword was removed from Pauli in these versions, so the script raises TypeError. The reference builds the operator with Pauli('X')/Pauli('Z') and tensor/expand. | BG47: TypeError | BH47: TypeError: Pauli.__init__() got an unexpected keyword argument 'label' | BI47: The LLM answered NO BUG and kept Pauli(label='XZ'); the math is right, but the label keyword was removed from Pauli in these versions, so the script raises TypeError. The reference builds the operator with Pauli('X')/Pauli('Z') and tensor/expand. | BJ47: TypeError | BK47: TypeError: Pauli.__init__() got an unexpected keyword argument 'label' | BL47: The LLM answered NO BUG and kept Pauli(label='XZ'); the math is right, but the label keyword was removed from Pauli in these versions, so the script raises TypeError. The reference builds the operator with Pauli('X')/Pauli('Z') and tensor/expand. | BM47: TypeError | BN47: TypeError: Pauli.__init__() got an unexpected keyword argument 'label' | BO47: The LLM answered NO BUG and kept Pauli(label='XZ'); the math is right, but the label keyword was removed from Pauli in these versions, so the script raises TypeError. The reference builds the operator with Pauli('X')/Pauli('Z') and tensor/expand. | BP47: TypeError | BQ47: TypeError: Pauli.__init__() got an unexpected keyword argument 'label' | BR47: The LLM answered NO BUG and kept Pauli(label='XZ'); the math is right, but the label keyword was removed from Pauli in these versions, so the script raises TypeError. The reference builds the operator with Pauli('X')/Pauli('Z') and tensor/expand. | BS47: TypeError | BT47: TypeError: Pauli.__init__() got an unexpected keyword argument 'label' | BU47: The LLM answered NO BUG and kept Pauli(label='XZ'); the math is right, but the label keyword was removed from Pauli in these versions, so the script raises TypeError. The reference builds the operator with Pauli('X')/Pauli('Z') and tensor/expand. | BV47: TypeError | BW47: TypeError: Pauli.__init__() got an unexpected keyword argument 'label' | BX47: The LLM answered NO BUG and kept Pauli(label='XZ'); the math is right, but the label keyword was removed from Pauli in these versions, so the script raises TypeError. The reference builds the operator with Pauli('X')/Pauli('Z') and tensor/expand. | BY47: TypeError | BZ47: TypeError: Pauli.__init__() got an unexpected keyword argument 'label' | CA47: The LLM answered NO BUG and kept Pauli(label='XZ'); the math is right, but the label keyword was removed from Pauli in these versions, so the script raises TypeError. The reference builds the operator with Pauli('X')/Pauli('Z') and tensor/expand. | CB47: TypeError | CC47: TypeError: Pauli.__init__() got an unexpected keyword argument 'label' | CD47: The LLM answered NO BUG and kept Pauli(label='XZ'); the math is right, but the label keyword was removed from Pauli in these versions, so the script raises TypeError. The reference builds the operator with Pauli('X')/Pauli('Z') and tensor/expand. | CE47: TypeError | CF47: TypeError: Pauli.__init__() got an unexpected keyword argument 'label' | CG47: The LLM answered NO BUG and kept Pauli(label='XZ'); the math is right, but the label keyword was removed from Pauli in these versions, so the script raises TypeError. The reference builds the operator with Pauli('X')/Pauli('Z') and tensor/expand. | CH47: TypeError | CI47: TypeError: Pauli.__init__() got an unexpected keyword argument 'label' | CJ47: The LLM answered NO BUG and kept Pauli(label='XZ'); the math is right, but the label keyword was removed from Pauli in these versions, so the script raises TypeError. The reference builds the operator with Pauli('X')/Pauli('Z') and tensor/expand. | CK47: TypeError | CL47: TypeError: Pauli.__init__() got an unexpected keyword argument 'label' | CM47: The LLM answered NO BUG and kept Pauli(label='XZ'); the math is right, but the label keyword was removed from Pauli in these versions, so the script raises TypeError. The reference builds the operator with Pauli('X')/Pauli('Z') and tensor/expand. | CN47: TypeError | CO47: TypeError: Pauli.__init__() got an unexpected keyword argument 'label' | CP47: The LLM answered NO BUG and kept Pauli(label='XZ'); the math is right, but the label keyword was removed from Pauli in these versions, so the script raises TypeError. The reference builds the operator with Pauli('X')/Pauli('Z') and tensor/expand. | CQ47: TypeError | CR47: TypeError: Pauli.__init__() got an unexpected keyword argument 'label' | CS47: The LLM answered NO BUG and kept Pauli(label='XZ'); the math is right, but the label keyword was removed from Pauli in these versions, so the script raises TypeError. The reference builds the operator with Pauli('X')/Pauli('Z') and tensor/expand. | CT47: TypeError | CU47: TypeError: Pauli.__init__() got an unexpected keyword argument 'label' | CV47: The LLM answered NO BUG and kept Pauli(label='XZ'); the math is right, but the label keyword was removed from Pauli in these versions, so the script raises TypeError. The reference builds the operator with Pauli('X')/Pauli('Z') and tensor/expand. | CW47: TypeError | CX47: TypeError: Pauli.__init__() got an unexpected keyword argument 'label' | CY47: The LLM answered NO BUG and kept Pauli(label='XZ'); the math is right, but the label keyword was removed from Pauli in these versions, so the script raises TypeError. The reference builds the operator with Pauli('X')/Pauli('Z') and tensor/expand. | CZ47: TypeError | DA47: TypeError: Pauli.__init__() got an unexpected keyword argument 'label' | DB47: The LLM answered NO BUG and kept Pauli(label='XZ'); the math is right, but the label keyword was removed from Pauli in these versions, so the script raises TypeError. The reference builds the operator with Pauli('X')/Pauli('Z') and tensor/expand. | DC47: TypeError | DD47: TypeError: Pauli.__init__() got an unexpected keyword argument 'label' | DE47: The LLM answered NO BUG and kept Pauli(label='XZ'); the math is right, but the label keyword was removed from Pauli in these versions, so the script raises TypeError. The reference builds the operator with Pauli('X')/Pauli('Z') and tensor/expand.
A48: issue_769 | B48: NOT_TESTED | C48: NOT_TESTED | D48: NOT_TESTED | E48: NOT_TESTED | F48: NOT_TESTED | G48: NOT_TESTED | H48: NOT_TESTED | I48: NOT_TESTED | J48: NOT_TESTED | K48: NOT_TESTED | L48: NOT_TESTED | M48: NOT_TESTED | N48: Runtime error | O48: Runtime error | P48: Runtime error | Q48: Runtime error | R48: Runtime error | S48: Runtime error | T48: Runtime error | U48: Runtime error | V48: Runtime error | W48: Runtime error | X48: Runtime error | Y48: Runtime error | Z48: Runtime error | AA48: Runtime error | AB48: Runtime error | BM48: KeyError | BN48: KeyError: 'get_qiskit_gate' | BO48: The LLM hard-coded a single check against XGate and prints its name ('x'), instead of writing a general matcher over the standard gates. The test looks up the answer's function name get_qiskit_gate, so it raises KeyError; a test that did not need that name would still fail, because no general matcher exists. | BP48: KeyError | BQ48: KeyError: 'get_qiskit_gate' | BR48: The LLM hard-coded a single check against XGate and prints its name ('x'), instead of writing a general matcher over the standard gates. The test looks up the answer's function name get_qiskit_gate, so it raises KeyError; a test that did not need that name would still fail, because no general matcher exists. | BS48: KeyError | BT48: KeyError: 'get_qiskit_gate' | BU48: The LLM hard-coded a single check against XGate and prints its name ('x'), instead of writing a general matcher over the standard gates. The test looks up the answer's function name get_qiskit_gate, so it raises KeyError; a test that did not need that name would still fail, because no general matcher exists. | BV48: KeyError | BW48: KeyError: 'get_qiskit_gate' | BX48: The LLM hard-coded a single check against XGate and prints its name ('x'), instead of writing a general matcher over the standard gates. The test looks up the answer's function name get_qiskit_gate, so it raises KeyError; a test that did not need that name would still fail, because no general matcher exists. | BY48: KeyError | BZ48: KeyError: 'get_qiskit_gate' | CA48: The LLM hard-coded a single check against XGate and prints its name ('x'), instead of writing a general matcher over the standard gates. The test looks up the answer's function name get_qiskit_gate, so it raises KeyError; a test that did not need that name would still fail, because no general matcher exists. | CB48: KeyError | CC48: KeyError: 'get_qiskit_gate' | CD48: The LLM hard-coded a single check against XGate and prints its name ('x'), instead of writing a general matcher over the standard gates. The test looks up the answer's function name get_qiskit_gate, so it raises KeyError; a test that did not need that name would still fail, because no general matcher exists. | CE48: KeyError | CF48: KeyError: 'get_qiskit_gate' | CG48: The LLM hard-coded a single check against XGate and prints its name ('x'), instead of writing a general matcher over the standard gates. The test looks up the answer's function name get_qiskit_gate, so it raises KeyError; a test that did not need that name would still fail, because no general matcher exists. | CH48: KeyError | CI48: KeyError: 'get_qiskit_gate' | CJ48: The LLM hard-coded a single check against XGate and prints its name ('x'), instead of writing a general matcher over the standard gates. The test looks up the answer's function name get_qiskit_gate, so it raises KeyError; a test that did not need that name would still fail, because no general matcher exists. | CK48: KeyError | CL48: KeyError: 'get_qiskit_gate' | CM48: The LLM hard-coded a single check against XGate and prints its name ('x'), instead of writing a general matcher over the standard gates. The test looks up the answer's function name get_qiskit_gate, so it raises KeyError; a test that did not need that name would still fail, because no general matcher exists. | CN48: KeyError | CO48: KeyError: 'get_qiskit_gate' | CP48: The LLM hard-coded a single check against XGate and prints its name ('x'), instead of writing a general matcher over the standard gates. The test looks up the answer's function name get_qiskit_gate, so it raises KeyError; a test that did not need that name would still fail, because no general matcher exists. | CQ48: KeyError | CR48: KeyError: 'get_qiskit_gate' | CS48: The LLM hard-coded a single check against XGate and prints its name ('x'), instead of writing a general matcher over the standard gates. The test looks up the answer's function name get_qiskit_gate, so it raises KeyError; a test that did not need that name would still fail, because no general matcher exists. | CT48: KeyError | CU48: KeyError: 'get_qiskit_gate' | CV48: The LLM hard-coded a single check against XGate and prints its name ('x'), instead of writing a general matcher over the standard gates. The test looks up the answer's function name get_qiskit_gate, so it raises KeyError; a test that did not need that name would still fail, because no general matcher exists. | CW48: KeyError | CX48: KeyError: 'get_qiskit_gate' | CY48: The LLM hard-coded a single check against XGate and prints its name ('x'), instead of writing a general matcher over the standard gates. The test looks up the answer's function name get_qiskit_gate, so it raises KeyError; a test that did not need that name would still fail, because no general matcher exists. | CZ48: KeyError | DA48: KeyError: 'get_qiskit_gate' | DB48: The LLM hard-coded a single check against XGate and prints its name ('x'), instead of writing a general matcher over the standard gates. The test looks up the answer's function name get_qiskit_gate, so it raises KeyError; a test that did not need that name would still fail, because no general matcher exists. | DC48: KeyError | DD48: KeyError: 'get_qiskit_gate' | DE48: The LLM hard-coded a single check against XGate and prints its name ('x'), instead of writing a general matcher over the standard gates. The test looks up the answer's function name get_qiskit_gate, so it raises KeyError; a test that did not need that name would still fail, because no general matcher exists.
A49: issue_773 | B49: NOT_TESTED | C49: NOT_TESTED | D49: NOT_TESTED | E49: NOT_TESTED | F49: Passed on test | G49: Passed on test | H49: Passed on test | I49: Passed on test | J49: Passed on test | K49: Passed on test | L49: Passed on test | M49: Passed on test | N49: NOT_TESTED | O49: NOT_TESTED | P49: NOT_TESTED | Q49: NOT_TESTED | R49: NOT_TESTED | S49: NOT_TESTED | T49: NOT_TESTED | U49: NOT_TESTED | V49: NOT_TESTED | W49: NOT_TESTED | X49: NOT_TESTED | Y49: NOT_TESTED | Z49: NOT_TESTED | AA49: NOT_TESTED | AB49: NOT_TESTED
A50: issue_775 | B50: Passed on test | C50: Passed on test | D50: Passed on test | E50: Passed on test | F50: Passed on test | G50: Passed on test | H50: Passed on test | I50: Passed on test | J50: Passed on test | K50: Passed on test | L50: Passed on test | M50: Passed on test | N50: NOT_TESTED | O50: NOT_TESTED | P50: NOT_TESTED | Q50: NOT_TESTED | R50: NOT_TESTED | S50: NOT_TESTED | T50: NOT_TESTED | U50: NOT_TESTED | V50: NOT_TESTED | W50: NOT_TESTED | X50: NOT_TESTED | Y50: NOT_TESTED | Z50: NOT_TESTED | AA50: NOT_TESTED | AB50: NOT_TESTED | AC50: KeyError | AD50: KeyError: 'qc' | AE50: The LLM parsed the QASM with QuantumCircuit.from_qasm_str and executed it, which is the right fix, but inlined the call inside execute(...) instead of storing it in a variable. The test reads the variable qc from the reference, so it raises KeyError. A test that checks the executed result instead passes the LLM fix and still fails the buggy code. | AF50: KeyError | AG50: KeyError: 'qc' | AH50: The LLM parsed the QASM with QuantumCircuit.from_qasm_str and executed it, which is the right fix, but inlined the call inside execute(...) instead of storing it in a variable. The test reads the variable qc from the reference, so it raises KeyError. A test that checks the executed result instead passes the LLM fix and still fails the buggy code. | AI50: KeyError | AJ50: KeyError: 'qc' | AK50: The LLM parsed the QASM with QuantumCircuit.from_qasm_str and executed it, which is the right fix, but inlined the call inside execute(...) instead of storing it in a variable. The test reads the variable qc from the reference, so it raises KeyError. A test that checks the executed result instead passes the LLM fix and still fails the buggy code. | AL50: KeyError | AM50: KeyError: 'qc' | AN50: The LLM parsed the QASM with QuantumCircuit.from_qasm_str and executed it, which is the right fix, but inlined the call inside execute(...) instead of storing it in a variable. The test reads the variable qc from the reference, so it raises KeyError. A test that checks the executed result instead passes the LLM fix and still fails the buggy code. | AO50: KeyError | AP50: KeyError: 'qc' | AQ50: The LLM parsed the QASM with QuantumCircuit.from_qasm_str and executed it, which is the right fix, but inlined the call inside execute(...) instead of storing it in a variable. The test reads the variable qc from the reference, so it raises KeyError. A test that checks the executed result instead passes the LLM fix and still fails the buggy code. | AR50: KeyError | AS50: KeyError: 'qc' | AT50: The LLM parsed the QASM with QuantumCircuit.from_qasm_str and executed it, which is the right fix, but inlined the call inside execute(...) instead of storing it in a variable. The test reads the variable qc from the reference, so it raises KeyError. A test that checks the executed result instead passes the LLM fix and still fails the buggy code. | AU50: KeyError | AV50: KeyError: 'qc' | AW50: The LLM parsed the QASM with QuantumCircuit.from_qasm_str and executed it, which is the right fix, but inlined the call inside execute(...) instead of storing it in a variable. The test reads the variable qc from the reference, so it raises KeyError. A test that checks the executed result instead passes the LLM fix and still fails the buggy code. | AX50: KeyError | AY50: KeyError: 'qc' | AZ50: The LLM parsed the QASM with QuantumCircuit.from_qasm_str and executed it, which is the right fix, but inlined the call inside execute(...) instead of storing it in a variable. The test reads the variable qc from the reference, so it raises KeyError. A test that checks the executed result instead passes the LLM fix and still fails the buggy code. | BA50: KeyError | BB50: KeyError: 'qc' | BC50: The LLM parsed the QASM with QuantumCircuit.from_qasm_str and executed it, which is the right fix, but inlined the call inside execute(...) instead of storing it in a variable. The test reads the variable qc from the reference, so it raises KeyError. A test that checks the executed result instead passes the LLM fix and still fails the buggy code. | BD50: KeyError | BE50: KeyError: 'qc' | BF50: The LLM parsed the QASM with QuantumCircuit.from_qasm_str and executed it, which is the right fix, but inlined the call inside execute(...) instead of storing it in a variable. The test reads the variable qc from the reference, so it raises KeyError. A test that checks the executed result instead passes the LLM fix and still fails the buggy code. | BG50: KeyError | BH50: KeyError: 'qc' | BI50: The LLM parsed the QASM with QuantumCircuit.from_qasm_str and executed it, which is the right fix, but inlined the call inside execute(...) instead of storing it in a variable. The test reads the variable qc from the reference, so it raises KeyError. A test that checks the executed result instead passes the LLM fix and still fails the buggy code. | BJ50: KeyError | BK50: KeyError: 'qc' | BL50: The LLM parsed the QASM with QuantumCircuit.from_qasm_str and executed it, which is the right fix, but inlined the call inside execute(...) instead of storing it in a variable. The test reads the variable qc from the reference, so it raises KeyError. A test that checks the executed result instead passes the LLM fix and still fails the buggy code.
A51: issue_795 | B51: Passed on test | C51: Passed on test | D51: Passed on test | E51: Passed on test | F51: Passed on test | G51: Passed on test | H51: Passed on test | I51: Passed on test | J51: Passed on test | K51: Passed on test | L51: Passed on test | M51: Passed on test | N51: NOT_TESTED | O51: NOT_TESTED | P51: NOT_TESTED | Q51: NOT_TESTED | R51: NOT_TESTED | S51: NOT_TESTED | T51: NOT_TESTED | U51: NOT_TESTED | V51: NOT_TESTED | W51: NOT_TESTED | X51: NOT_TESTED | Y51: NOT_TESTED | Z51: NOT_TESTED | AA51: NOT_TESTED | AB51: NOT_TESTED
A52: issue_803 | B52: Failed on test | C52: Failed on test | D52: Failed on test | E52: Failed on test | F52: Runtime error | G52: Runtime error | H52: Runtime error | I52: Runtime error | J52: Runtime error | K52: Runtime error | L52: Runtime error | M52: Runtime error | N52: NOT_TESTED | O52: NOT_TESTED | P52: NOT_TESTED | Q52: NOT_TESTED | R52: NOT_TESTED | S52: NOT_TESTED | T52: NOT_TESTED | U52: NOT_TESTED | V52: NOT_TESTED | W52: NOT_TESTED | X52: NOT_TESTED | Y52: NOT_TESTED | Z52: NOT_TESTED | AA52: NOT_TESTED | AB52: NOT_TESTED | AC52: AssertionError | AD52: AssertionError: array([list([52, 48]), list([100]), list([100])], dtype=object) is not an instance of <class 'list'> | AE52: The LLM turned the list of count dictionaries into a NumPy array of their values, which throws away which outcome ('0' or '1') each count belongs to. On this NumPy version the uneven lists become an object array, so the test's check that run() returns a list of count dictionaries fails. The reference returns the list of dictionaries. | AF52: AssertionError | AG52: AssertionError: array([list([40, 60]), list([100]), list([100])], dtype=object) is not an instance of <class 'list'> | AH52: The LLM turned the list of count dictionaries into a NumPy array of their values, which throws away which outcome ('0' or '1') each count belongs to. On this NumPy version the uneven lists become an object array, so the test's check that run() returns a list of count dictionaries fails. The reference returns the list of dictionaries. | AI52: AssertionError | AJ52: AssertionError: array([list([47, 53]), list([100]), list([100])], dtype=object) is not an instance of <class 'list'> | AK52: The LLM turned the list of count dictionaries into a NumPy array of their values, which throws away which outcome ('0' or '1') each count belongs to. On this NumPy version the uneven lists become an object array, so the test's check that run() returns a list of count dictionaries fails. The reference returns the list of dictionaries. | AL52: AssertionError | AM52: AssertionError: array([list([49, 51]), list([100]), list([100])], dtype=object) is not an instance of <class 'list'> | AN52: The LLM turned the list of count dictionaries into a NumPy array of their values, which throws away which outcome ('0' or '1') each count belongs to. On this NumPy version the uneven lists become an object array, so the test's check that run() returns a list of count dictionaries fails. The reference returns the list of dictionaries. | AO52: ValueError | AP52: ValueError: The truth value of an array with more than one element is ambiguous. Use a.any() or a.all() | ValueError: setting an array element with a sequence. The requested array has an inhomogeneous shape after 1 dimensions. The detected shape was | AQ52: The LLM turned the list of count dictionaries into a NumPy array of their values, which throws away which outcome each count belongs to. Newer NumPy refuses to build an array from lists of different lengths ('inhomogeneous shape'), so run() raises ValueError. The reference returns the list of dictionaries. | AR52: ValueError | AS52: ValueError: The truth value of an array with more than one element is ambiguous. Use a.any() or a.all() | ValueError: setting an array element with a sequence. The requested array has an inhomogeneous shape after 1 dimensions. The detected shape was | AT52: The LLM turned the list of count dictionaries into a NumPy array of their values, which throws away which outcome each count belongs to. Newer NumPy refuses to build an array from lists of different lengths ('inhomogeneous shape'), so run() raises ValueError. The reference returns the list of dictionaries. | AU52: ValueError | AV52: ValueError: The truth value of an array with more than one element is ambiguous. Use a.any() or a.all() | ValueError: setting an array element with a sequence. The requested array has an inhomogeneous shape after 1 dimensions. The detected shape was | AW52: The LLM turned the list of count dictionaries into a NumPy array of their values, which throws away which outcome each count belongs to. Newer NumPy refuses to build an array from lists of different lengths ('inhomogeneous shape'), so run() raises ValueError. The reference returns the list of dictionaries. | AX52: ValueError | AY52: ValueError: The truth value of an array with more than one element is ambiguous. Use a.any() or a.all() | ValueError: setting an array element with a sequence. The requested array has an inhomogeneous shape after 1 dimensions. The detected shape was | AZ52: The LLM turned the list of count dictionaries into a NumPy array of their values, which throws away which outcome each count belongs to. Newer NumPy refuses to build an array from lists of different lengths ('inhomogeneous shape'), so run() raises ValueError. The reference returns the list of dictionaries. | BA52: ValueError | BB52: ValueError: The truth value of an array with more than one element is ambiguous. Use a.any() or a.all() | ValueError: setting an array element with a sequence. The requested array has an inhomogeneous shape after 1 dimensions. The detected shape was | BC52: The LLM turned the list of count dictionaries into a NumPy array of their values, which throws away which outcome each count belongs to. Newer NumPy refuses to build an array from lists of different lengths ('inhomogeneous shape'), so run() raises ValueError. The reference returns the list of dictionaries. | BD52: ValueError | BE52: ValueError: The truth value of an array with more than one element is ambiguous. Use a.any() or a.all() | ValueError: setting an array element with a sequence. The requested array has an inhomogeneous shape after 1 dimensions. The detected shape was | BF52: The LLM turned the list of count dictionaries into a NumPy array of their values, which throws away which outcome each count belongs to. Newer NumPy refuses to build an array from lists of different lengths ('inhomogeneous shape'), so run() raises ValueError. The reference returns the list of dictionaries. | BG52: ValueError | BH52: ValueError: The truth value of an array with more than one element is ambiguous. Use a.any() or a.all() | ValueError: setting an array element with a sequence. The requested array has an inhomogeneous shape after 1 dimensions. The detected shape was | BI52: The LLM turned the list of count dictionaries into a NumPy array of their values, which throws away which outcome each count belongs to. Newer NumPy refuses to build an array from lists of different lengths ('inhomogeneous shape'), so run() raises ValueError. The reference returns the list of dictionaries. | BJ52: ValueError | BK52: ValueError: The truth value of an array with more than one element is ambiguous. Use a.any() or a.all() | ValueError: setting an array element with a sequence. The requested array has an inhomogeneous shape after 1 dimensions. The detected shape was | BL52: The LLM turned the list of count dictionaries into a NumPy array of their values, which throws away which outcome each count belongs to. Newer NumPy refuses to build an array from lists of different lengths ('inhomogeneous shape'), so run() raises ValueError. The reference returns the list of dictionaries.
A53: issue_810 | B53: NOT_TESTED | C53: NOT_TESTED | D53: NOT_TESTED | E53: NOT_TESTED | F53: NOT_TESTED | G53: Passed on test | H53: NOT_TESTED | I53: NOT_TESTED | J53: NOT_TESTED | K53: NOT_TESTED | L53: Passed on test | M53: NOT_TESTED | N53: NOT_TESTED | O53: NOT_TESTED | P53: NOT_TESTED | Q53: NOT_TESTED | R53: NOT_TESTED | S53: NOT_TESTED | T53: NOT_TESTED | U53: NOT_TESTED | V53: NOT_TESTED | W53: NOT_TESTED | X53: NOT_TESTED | Y53: NOT_TESTED | Z53: NOT_TESTED | AA53: NOT_TESTED | AB53: NOT_TESTED | AR53: AssertionError | AS53: AssertionError: None is not an instance of <class 'dict'> : Expose a raw counts dictionary, not the Result object | AT53: The LLM replaced job.result(job) with job.result().get_counts(), which returns the raw counts dictionary, the same call as the reference. The test reads the reference's variable name counts_dict and expects exactly 100 shots (the reference changed the shots from 1024 to 100), so it finds None. A test that accepts any variable name and the script's own shot count passes the LLM fix and still fails the buggy code. | BG53: AssertionError | BH53: AssertionError: None is not an instance of <class 'dict'> : Expose a raw counts dictionary, not the Result object | BI53: The LLM replaced job.result(job) with job.result().get_counts(), which returns the raw counts dictionary, the same call as the reference. The test reads the reference's variable name counts_dict and expects exactly 100 shots (the reference changed the shots from 1024 to 100), so it finds None. A test that accepts any variable name and the script's own shot count passes the LLM fix and still fails the buggy code.
A54: issue_816 | B54: NOT_TESTED | C54: NOT_TESTED | D54: NOT_TESTED | E54: NOT_TESTED | F54: Passed on test | G54: Passed on test | H54: Passed on test | I54: Passed on test | J54: Passed on test | K54: Passed on test | L54: Passed on test | M54: Passed on test | N54: Passed on test | O54: Passed on test | P54: Passed on test | Q54: Passed on test | R54: Passed on test | S54: Passed on test | T54: Passed on test | U54: Passed on test | V54: Passed on test | W54: Passed on test | X54: Passed on test | Y54: Passed on test | Z54: Passed on test | AA54: Passed on test | AB54: Passed on test
